<YieldProphet>
  <Version>9</Version>
  <Paddock>
    <Name>2014;lflohr;FLOHR392</Name>
    <StartSeasonDate>2014-04-01T00:00:00</StartSeasonDate>
    <SoilWaterSampleDate>2014-03-03T00:00:00</SoilWaterSampleDate>
    <SoilNitrogenSampleDate>2014-03-03T00:00:00</SoilNitrogenSampleDate>
    <StationNumber>25509</StationNumber>
    <StationName>Lameroo</StationName>
    <RainfallFilename />
    <RainfallSource>FLOHR392 rain guage</RainfallSource>
    <StubbleMass>2000</StubbleMass>
    <StubbleType>Fababean</StubbleType>
    <UseProbeRainfall>false</UseProbeRainfall>
    <UseProbeSoilMoisture>false</UseProbeSoilMoisture>
    <UseProbeTemperature>false</UseProbeTemperature>
    <Management>
      <Sow>
        <Date>2014-05-22T00:00:00</Date>
        <MaxRootDepth>1000</MaxRootDepth>
        <Crop>Wheat</Crop>
        <Cultivar>Mace</Cultivar>
        <SowingDensity>150</SowingDensity>
        <EmergenceDate>2014-05-27T00:00:00</EmergenceDate>
        <RowSpacing>0</RowSpacing>
        <BedRowSpacing>0</BedRowSpacing>
        <BedWidth>0</BedWidth>
        <SkipRow />
        <IrrigationAmount>0</IrrigationAmount>
      </Sow>
      <Fertilise>
        <Date>2014-05-22T00:00:00</Date>
        <Amount>3</Amount>
        <Scenario>false</Scenario>
      </Fertilise>
      <Fertilise>
        <Date>2014-07-23T00:00:00</Date>
        <Amount>23</Amount>
        <Scenario>false</Scenario>
      </Fertilise>
    </Management>
    <Samples>
      <Sample name="Sample1">
        <Thickness>
          <double>100</double>
          <double>300</double>
          <double>300</double>
          <double>300</double>
        </Thickness>
        <NO3>
          <double>14</double>
          <double>9</double>
          <double>4</double>
          <double>6</double>
        </NO3>
        <NH4>
          <double>1</double>
          <double>1</double>
          <double>1</double>
          <double>1</double>
        </NH4>
        <SW>
          <double>0.065</double>
          <double>0.128</double>
          <double>0.183</double>
          <double>0.168</double>
        </SW>
        <OC>
          <double>1.25</double>
        </OC>
        <EC>
          <double>0</double>
          <double>0</double>
          <double>0</double>
          <double>0</double>
        </EC>
        <CL>
          <double>14.1</double>
          <double>277.7</double>
          <double>383.6</double>
          <double>482.9</double>
        </CL>
        <PH>
          <double>7.3</double>
          <double>8.3</double>
          <double>8.3</double>
          <double>8.9</double>
        </PH>
        <NO3Units>ppm</NO3Units>
        <NH4Units>ppm</NH4Units>
        <SWUnits>Gravimetric</SWUnits>
        <OCUnits>WalkleyBlack</OCUnits>
        <PHUnits>CaCl2</PHUnits>
      </Sample>
    </Samples>
    <SoilPath>Soils/Australia/South Australia/Murraylands/Sandy Loam over poorly structured Brown Clay (Cotton)(MM040)</SoilPath>
    <Soil name="Sandy Loam over poorly structured Brown Clay (Cotton)(MM040)">
      <RecordNumber>594</RecordNumber>
      <ASCOrder>Sodosol</ASCOrder>
      <ASCSubOrder>Brown</ASCSubOrder>
      <SoilType>Sandy loam</SoilType>
      <Site>Lameroo</Site>
      <NearestTown>Lameroo</NearestTown>
      <Region>Murraylands</Region>
      <State>South Australia</State>
      <Country>Australia</Country>
      <NaturalVegetation />
      <ApsoilNumber>MM040</ApsoilNumber>
      <Latitude>-35.373</Latitude>
      <Longitude>140.43</Longitude>
      <LocationAccuracy>+/- 20m</LocationAccuracy>
      <YearOfSampling>0</YearOfSampling>
      <DataSource>Soil water characteristics based on: Soil and Land Information (2002). Soil Data Sheets. [CD ROM]. Soil and Land Information Group, Department of Water, Land and Biodiversity Conservation, South Australia.</DataSource>
      <Comments />
      <Water>
        <Thickness>
          <double>80</double>
          <double>30</double>
          <double>90</double>
          <double>400</double>
          <double>300</double>
        </Thickness>
        <BD>
          <double>1.5</double>
          <double>1.6</double>
          <double>1.6</double>
          <double>1.6</double>
          <double>1.61</double>
        </BD>
        <AirDry>
          <double>0.04</double>
          <double>0.064</double>
          <double>0.18</double>
          <double>0.18</double>
          <double>0.18</double>
        </AirDry>
        <LL15>
          <double>0.08</double>
          <double>0.08</double>
          <double>0.18</double>
          <double>0.18</double>
          <double>0.18</double>
        </LL15>
        <DUL>
          <double>0.2</double>
          <double>0.18</double>
          <double>0.3</double>
          <double>0.3</double>
          <double>0.31</double>
        </DUL>
        <SAT>
          <double>0.383962264150943</double>
          <double>0.34622641509434</double>
          <double>0.34622641509434</double>
          <double>0.36622641509434</double>
          <double>0.362452830188679</double>
        </SAT>
        <BDMetadata>
          <string>Estimated based on local knowledge</string>
          <string>Estimated based on local knowledge</string>
          <string>Estimated based on local knowledge</string>
          <string>Estimated based on local knowledge</string>
          <string>Estimated based on local knowledge</string>
        </BDMetadata>
        <AirDryMetadata>
          <string>Estimated based on local knowledge</string>
          <string>Estimated based on local knowledge</string>
          <string>Estimated based on local knowledge</string>
          <string>Estimated based on local knowledge</string>
          <string>Estimated based on local knowledge</string>
        </AirDryMetadata>
        <LL15Metadata>
          <string>Estimated based on local knowledge</string>
          <string>Estimated based on local knowledge</string>
          <string>Estimated based on local knowledge</string>
          <string>Estimated based on local knowledge</string>
          <string>Estimated based on local knowledge</string>
        </LL15Metadata>
        <DULMetadata>
          <string>Estimated based on local knowledge</string>
          <string>Estimated based on local knowledge</string>
          <string>Estimated based on local knowledge</string>
          <string>Estimated based on local knowledge</string>
          <string>Estimated based on local knowledge</string>
        </DULMetadata>
        <SATMetadata>
          <string>Calculated from measured, estimated or calculated BD</string>
          <string>Calculated from measured, estimated or calculated BD</string>
          <string>Calculated from measured, estimated or calculated BD</string>
          <string>Calculated from measured, estimated or calculated BD</string>
          <string>Calculated from measured, estimated or calculated BD</string>
        </SATMetadata>
        <SoilCrop name="wheat">
          <Thickness>
            <double>80</double>
            <double>30</double>
            <double>90</double>
            <double>400</double>
            <double>300</double>
          </Thickness>
          <LL>
            <double>0.08</double>
            <double>0.08</double>
            <double>0.18</double>
            <double>0.19</double>
            <double>0.31</double>
          </LL>
          <KL>
            <double>0.06</double>
            <double>0.06</double>
            <double>0.06</double>
            <double>0.04</double>
            <double>0.04</double>
          </KL>
          <XF>
            <double>1</double>
            <double>1</double>
            <double>1</double>
            <double>1</double>
            <double>0</double>
          </XF>
          <LLMetadata>
            <string>Estimated based on local knowledge</string>
            <string>Estimated based on local knowledge</string>
            <string>Estimated based on local knowledge</string>
            <string>Estimated based on local knowledge</string>
            <string>Estimated based on local knowledge</string>
          </LLMetadata>
        </SoilCrop>
        <SoilCrop name="barley">
          <Thickness>
            <double>80</double>
            <double>30</double>
            <double>90</double>
            <double>400</double>
            <double>300</double>
          </Thickness>
          <LL>
            <double>0.08</double>
            <double>0.08</double>
            <double>0.18</double>
            <double>0.19</double>
            <double>0.31</double>
          </LL>
          <KL>
            <double>0.07</double>
            <double>0.07</double>
            <double>0.07</double>
            <double>0.07</double>
            <double>0.05</double>
          </KL>
          <XF>
            <double>1</double>
            <double>1</double>
            <double>1</double>
            <double>1</double>
            <double>0</double>
          </XF>
          <LLMetadata>
            <string>Estimated based on local knowledge</string>
            <string>Estimated based on local knowledge</string>
            <string>Estimated based on local knowledge</string>
            <string>Estimated based on local knowledge</string>
            <string>Estimated based on local knowledge</string>
          </LLMetadata>
        </SoilCrop>
        <SoilCrop name="oats">
          <Thickness>
            <double>80</double>
            <double>30</double>
            <double>90</double>
            <double>400</double>
            <double>300</double>
          </Thickness>
          <LL>
            <double>0.08</double>
            <double>0.08</double>
            <double>0.18</double>
            <double>0.19</double>
            <double>0.31</double>
          </LL>
          <KL>
            <double>0.06</double>
            <double>0.06</double>
            <double>0.06</double>
            <double>0.04</double>
            <double>0.04</double>
          </KL>
          <XF>
            <double>1</double>
            <double>1</double>
            <double>1</double>
            <double>1</double>
            <double>0</double>
          </XF>
          <LLMetadata>
            <string>Estimated based on local knowledge</string>
            <string>Estimated based on local knowledge</string>
            <string>Estimated based on local knowledge</string>
            <string>Estimated based on local knowledge</string>
            <string>Estimated based on local knowledge</string>
          </LLMetadata>
        </SoilCrop>
      </Water>
      <SoilWater>
        <SummerCona>3.5</SummerCona>
        <SummerU>6</SummerU>
        <SummerDate>1-Nov</SummerDate>
        <WinterCona>2</WinterCona>
        <WinterU>2</WinterU>
        <WinterDate>1-Apr</WinterDate>
        <DiffusConst>88</DiffusConst>
        <DiffusSlope>35</DiffusSlope>
        <Salb>0.13</Salb>
        <CN2Bare>73</CN2Bare>
        <CNRed>20</CNRed>
        <CNCov>0.8</CNCov>
        <Slope>NaN</Slope>
        <DischargeWidth>NaN</DischargeWidth>
        <CatchmentArea>NaN</CatchmentArea>
        <MaxPond>NaN</MaxPond>
        <Thickness>
          <double>80</double>
          <double>30</double>
          <double>90</double>
          <double>400</double>
          <double>300</double>
        </Thickness>
        <SWCON>
          <double>0.6</double>
          <double>0.6</double>
          <double>0.3</double>
          <double>0.3</double>
          <double>0.1</double>
        </SWCON>
      </SoilWater>
      <SoilOrganicMatter>
        <RootCN>45</RootCN>
        <RootWt>1500</RootWt>
        <SoilCN>12.5</SoilCN>
        <EnrACoeff>7.4</EnrACoeff>
        <EnrBCoeff>0.2</EnrBCoeff>
        <Thickness>
          <double>80</double>
          <double>30</double>
          <double>90</double>
          <double>400</double>
          <double>300</double>
        </Thickness>
        <OC>
          <double>1.3</double>
          <double>0.94</double>
          <double>0.97</double>
          <double>0.36</double>
          <double>0.17</double>
        </OC>
        <OCMetadata>
          <string>Measured</string>
          <string>Measured</string>
          <string>Measured</string>
          <string>Measured</string>
          <string>Measured</string>
        </OCMetadata>
        <FBiom>
          <double>0.03</double>
          <double>0.02</double>
          <double>0.02</double>
          <double>0.01</double>
          <double>0.01</double>
        </FBiom>
        <FInert>
          <double>0.3</double>
          <double>0.4</double>
          <double>0.5</double>
          <double>0.8</double>
          <double>0.9</double>
        </FInert>
        <OCUnits>WalkleyBlack</OCUnits>
      </SoilOrganicMatter>
      <Analysis>
        <Thickness>
          <double>80</double>
          <double>30</double>
          <double>90</double>
          <double>400</double>
          <double>300</double>
        </Thickness>
        <EC>
          <double>0.1</double>
          <double>0.1</double>
          <double>0.2</double>
          <double>0.4</double>
          <double>1.4</double>
        </EC>
        <ECMetadata>
          <string>Measured</string>
          <string>Measured</string>
          <string>Measured</string>
          <string>Measured</string>
          <string>Measured</string>
        </ECMetadata>
        <PH>
          <double>7.8</double>
          <double>8</double>
          <double>8.6</double>
          <double>9.3</double>
          <double>9.4</double>
        </PH>
        <PHMetadata>
          <string>Measured</string>
          <string>Measured</string>
          <string>Measured</string>
          <string>Measured</string>
          <string>Measured</string>
        </PHMetadata>
        <CL>
          <double>0.1</double>
          <double>0.1</double>
          <double>0.1</double>
          <double>0.1</double>
          <double>0.1</double>
        </CL>
        <CLMetadata>
          <string>Estimated based on local knowledge</string>
          <string>Estimated based on local knowledge</string>
          <string>Estimated based on local knowledge</string>
          <string>Estimated based on local knowledge</string>
          <string>Estimated based on local knowledge</string>
        </CLMetadata>
        <Boron>
          <double>3.3</double>
          <double>2.8</double>
          <double>3.1</double>
          <double>12</double>
          <double>39</double>
        </Boron>
        <BoronMetadata>
          <string>Measured</string>
          <string>Measured</string>
          <string>Measured</string>
          <string>Measured</string>
          <string>Measured</string>
        </BoronMetadata>
        <CEC>
          <double>14.44</double>
          <double>14.52</double>
          <double>28.6</double>
          <double>29.6</double>
          <double>37.8</double>
        </CEC>
        <CECMetadata>
          <string>Measured</string>
          <string>Measured</string>
          <string>Measured</string>
          <string>Measured</string>
          <string>Measured</string>
        </CECMetadata>
        <Ca>
          <double>10.8</double>
          <double>10.9</double>
          <double>20</double>
          <double>10.5</double>
          <double>4.3</double>
        </Ca>
        <CaMetadata>
          <string>Measured</string>
          <string>Measured</string>
          <string>Measured</string>
          <string>Measured</string>
          <string>Measured</string>
        </CaMetadata>
        <Mg>
          <double>2</double>
          <double>2.2</double>
          <double>6.7</double>
          <double>13.3</double>
          <double>16.3</double>
        </Mg>
        <MgMetadata>
          <string>Measured</string>
          <string>Measured</string>
          <string>Measured</string>
          <string>Measured</string>
          <string>Measured</string>
        </MgMetadata>
        <Na>
          <double>0.14</double>
          <double>0.12</double>
          <double>0.3</double>
          <double>4.7</double>
          <double>15.4</double>
        </Na>
        <NaMetadata>
          <string>Measured</string>
          <string>Measured</string>
          <string>Measured</string>
          <string>Measured</string>
          <string>Measured</string>
        </NaMetadata>
        <K>
          <double>1.5</double>
          <double>1.3</double>
          <double>1.6</double>
          <double>1.1</double>
          <double>1.8</double>
        </K>
        <KMetadata>
          <string>Measured</string>
          <string>Measured</string>
          <string>Measured</string>
          <string>Measured</string>
          <string>Measured</string>
        </KMetadata>
        <ESP>
          <double>0.969529085872576</double>
          <double>0.826446280991735</double>
          <double>1.04895104895105</double>
          <double>15.8783783783784</double>
          <double>40.7407407407407</double>
        </ESP>
        <ESPMetadata>
          <string>C</string>
          <string>C</string>
          <string>C</string>
          <string>C</string>
          <string>C</string>
        </ESPMetadata>
        <PHUnits>Water</PHUnits>
        <BoronUnits>HotWater</BoronUnits>
      </Analysis>
    </Soil>
    <NowDate>2014-08-01T00:00:00</NowDate>
    <StubbleIncorporatedPercent>0</StubbleIncorporatedPercent>
    <RainfallSinceSoilWaterSampleDate>0</RainfallSinceSoilWaterSampleDate>
    <LastClimateDate>0001-01-01T00:00:00</LastClimateDate>
  </Paddock>
  <ReportType>Crop</ReportType>
  <ReportName>FLOHR392 Crop Report (Complete)</ReportName>
  <ClientName>lflohr</ClientName>
  <ReportGeneratedBy>stephen</ReportGeneratedBy>
</YieldProphet>