<Type name="barley">
  <MetaData>
    <UItype>CSUserInterface.GenericUI</UItype>
    <IsCrop>Yes</IsCrop>
    <ShowInMainTree>Yes</ShowInMainTree>
    <Image>%apsim%\UserInterface\Images\barley.jpg</Image>
    <Description>NOTE: Prototype only.  This module is not to be used in model applications.  Most APSIM crop or plant modules do not require extra user input.  Crop specific parameters are either provided for your chosen soil, or are captured as part of the standard model validation process.</Description>
    <Documentation name="Barley science documentation">%apsim%\Documentation\4 Module Reference\Barley.htm</Documentation>
    <Documentation name="Generic plant documentation">%apsim%\Documentation\4 Module Reference\plant.htm</Documentation>
    <LargeIcon>%apsim%\UserInterface\Images\wheat32.png</LargeIcon>
    <SmallIcon>%apsim%\UserInterface\Images\wheat16.png</SmallIcon>
    <dll>%apsim%/Model/Plant.%dllext%</dll>
    <drops>
      <drop>toolbox</drop>
      <drop>area</drop>
      <drop>simulation</drop>
      <drop>folder</drop>
    </drops>
    <ApsimToSim>
      <component name="[barley.name]" executable="[dll]" class="Plant.Barley">
        <executable name="[dll]" version="1.0"/>
        <initdata>
               [Model]
               <ModifyKL>[barley.ModifyKL]</ModifyKL>
               <MaxRootDepth>[barley.MaxRootDepth]</MaxRootDepth>
               <ll>[soil.[InstanceName] ll]</ll>
               <kl>[soil.[InstanceName] kl]</kl>
               <xf>[soil.[InstanceName] xf]</xf>
               [if [soil.Cl]]<cl>[soil.Cl]</cl>[endif]
               [if [soil.ESP]]<esp>[soil.ESP]</esp>[endif]
               [if [soil.EC]]<ec>[soil.EC]</ec>[endif]
        </initdata>
      </component>
    </ApsimToSim>
  </MetaData>
  <Model>
    <!-- ***********************************************************************************************************
      CONSTANTS  - SPECIES-SPECIFIC PARAMETERS
      ***********************************************************************************************************
      -->
    <options>
      <Environment />
      <Population />
      <Phenology />
      <Zadok />
      <root />
      <GenericArbitratorXY />
      <GenericLeaf name="leaf" />
      <Stem />
      <CompositePart name="Head">
        <FruitCohort name="Cohort1">
          <FruitPodPart name="Pod" />
          <FruitGrainPartGN name="Grain" />
        </FruitCohort>
      </CompositePart>
      <Parts name="Tops">
        <Leaf />
        <Stem />
        <Head />
      </Parts>
      <Parts name="Grain1">
        <Head.Cohort1.Grain />
      </Parts>
    </options>
    <RadiationPartitioningOrder>head leaf</RadiationPartitioningOrder>
    <crop_type>barley</crop_type>
    <default_crop_class>plant</default_crop_class>
    <default_cultivar>grimmett</default_cultivar>
    <stress_determinants>leaf stem meal</stress_determinants>
    <yield_parts>meal</yield_parts>
    <retrans_parts>leaf stem</retrans_parts>
    <!-- %%%%%%%%%%%%%%%%%%%%%%%%%%%%%%%%%%%%%%%%%%%%%%%%%%%%%%%%%%%%%%%%%%%%%%%%%%%%%%%%%%%%%%%%%%%%%%%%%%%%%%%%%%%
      SECTION - VALUE LIMITS - MAX AND MINS
      %%%%%%%%%%%%%%%%%%%%%%%%%%%%%%%%%%%%%%%%%%%%%%%%%%%%%%%%%%%%%%%%%%%%%%%%%%%%%%%%%%%%%%%%%%%%%%%%%%%%%%%%%%%
      ______________________________________________________________________________
      OTHER VARIABLES
      limits set to check inputs
      -->
    <sw_ub>1.0</sw_ub>
    <sw_lb>0.0</sw_lb>
    <year_ub description="year upper limit">2000</year_ub>
    <year_lb description="year lower limit">1800</year_lb>
    <latitude_ub units="oL" description="latitude upper limit">90</latitude_ub>
    <latitude_lb units="oL" description="latitude lower limit">-90</latitude_lb>
    <maxt_ub units="oC" description="max. temperature upper limit">55</maxt_ub>
    <maxt_lb units="oC" description="max. temperature lower limit">0</maxt_lb>
    <mint_ub units="oC" description="min. temperature upper limit">40</mint_ub>
    <mint_lb units="oC" description="min. temperature lower limit">-10</mint_lb>
    <radn_ub units="MJ/m^2" description="radiation upper limit">50</radn_ub>
    <radn_lb units="MJ/m^2" description="radiation lower limit">1</radn_lb>
    <dlayer_ub units="mm" description="layer depth upper limit">1000</dlayer_ub>
    <dlayer_lb units="mm" description="layer depth lower limit">0</dlayer_lb>
    <dul_dep_ub units="mm" description="drained upper limit upper limit">1000</dul_dep_ub>
    <dul_dep_lb units="mm" description="drained upper limit lower limit">0</dul_dep_lb>
    <sw_dep_ub units="mm" description="soil water upper limit">1000</sw_dep_ub>
    <sw_dep_lb units="mm" description="soil water lower limit">0</sw_dep_lb>
    <no3_ub units="kg/ha" description="soil nitrate upper limit">10000</no3_ub>
    <no3_lb units="kg/ha" description="soil nitrate lower limit">0</no3_lb>
    <no3_min_ub units="kg/ha" description="min. soil nitrate upper limit">10000</no3_min_ub>
    <no3_min_lb units="kg/ha" description="min. soil nitrate lower limit">0</no3_min_lb>
    <nh4_ub units="kg/ha" description="soil ammonium upper limit">10000</nh4_ub>
    <nh4_lb units="kg/ha" description="soil ammonium lower limit">0</nh4_lb>
    <nh4_min_ub units="kg/ha" description="min. soil ammonium upper limit">10000</nh4_min_ub>
    <nh4_min_lb units="kg/ha" description="min. soil ammonium lower limit">0</nh4_min_lb>
    <!-- %%%%%%%%%%%%%%%%%%%%%%%%%%%%%%%%%%%%%%%%%%%%%%%%%%%%%%%%%%%%%%%%%%%%%%%%%%%%%%%%%%%%%%%%%%%%%%%%%%%%%%%%%%%
      SECTION - CROP PHENOLOGY
      %%%%%%%%%%%%%%%%%%%%%%%%%%%%%%%%%%%%%%%%%%%%%%%%%%%%%%%%%%%%%%%%%%%%%%%%%%%%%%%%%%%%%%%%%%%%%%%%%%%%%%%%%%%
      -->
    <stage_code_list>1         2          3         4                5               6           7               8             9            10       12</stage_code_list>
    <phase_names>sowing germination emergence end_of_juvenile floral_initiation flowering start_grain_fill end_grain_fill maturity harvest_ripe end_crop</phase_names>
    <phase_type>cwsowing cwemergent  cwinductive   cwinductive      cwinductive       cwfixed        cwfixed     cwfixed    cwfixed  cwfixed    waiting</phase_type>
    <composite_phases>under_ground above_ground grainfill reproductive leaf_senescence vernalisation eme2ej preflowering tiller_formation hi_stress_sensitive stress_reporting postflowering n_stress</composite_phases>
    <under_ground>sowing germination</under_ground>
    <above_ground>emergence end_of_juvenile floral_initiation flowering start_grain_fill end_grain_fill maturity harvest_ripe</above_ground>
    <vernalisation>germination emergence end_of_juvenile</vernalisation>
    <leaf_senescence>end_of_juvenile(0.4) floral_initiation flowering start_grain_fill end_grain_fill maturity harvest_ripe</leaf_senescence>
    <tiller_formation>emergence end_of_juvenile floral_initiation flowering start_grain_fill end_grain_fill maturity</tiller_formation>
    <preflowering>emergence end_of_juvenile floral_initiation</preflowering>
    <postflowering>flowering start_grain_fill</postflowering>
    <reproductive>flowering start_grain_fill end_grain_fill</reproductive>
    <hi_stress_sensitive>flowering</hi_stress_sensitive>
    <grainfill>start_grain_fill</grainfill>
    <eme2ej>emergence end_of_juvenile</eme2ej>
    <n_stress>end_of_juvenile(0.3) floral_initiation flowering start_grain_fill end_grain_fill maturity harvest_ripe</n_stress>
    <stress_reporting>end_of_juvenile floral_initiation flowering start_grain_fill end_grain_fill</stress_reporting>
    <plant class="yes">
      <partition_option>2</partition_option>
      <partitionparts>root  head  leaf stem</partitionparts>
      <partitionrules>magic demand frac remainder</partitionrules>
      <n_retrans_option>2</n_retrans_option>
      <n_retrans_fraction description="0.33">1.0 </n_retrans_fraction>
      <n_deficit_uptake_fraction>0.0001</n_deficit_uptake_fraction>
      <x_temp_grainfill>0 26 35</x_temp_grainfill>
      <y_rel_grainfill>0  1  1</y_rel_grainfill>
      <n_uptake_option>3</n_uptake_option>
      <!-- no3_uptake_max = 0.9e-6
         no3_conc_half_max = 80
         -->
      <kno3>0.02</kno3>
      <no3ppm_min>0.0</no3ppm_min>
      <knh4>0.0</knh4>
      <nh4ppm_min>0.0</nh4ppm_min>
      <total_n_uptake_max units="g/m2">0.6</total_n_uptake_max>
      <fruit_no_option>1</fruit_no_option>
      <parasite_option>1</parasite_option>
      <class_action>harvest</class_action>
      <class_change>unchanged</class_change>
      <!-- %%%%%%%%%%%%%%%%%%%%%%%%%%%%%%%%%%%%%%%%%%%%%%%%%%%%%%%%%%%%%%%%%%%%%%%%%%%%%%%%%%%%%%%%%%%%%%%%%%%%%%%%%%%
         SECTION 0 - CO2
         %%%%%%%%%%%%%%%%%%%%%%%%%%%%%%%%%%%%%%%%%%%%%%%%%%%%%%%%%%%%%%%%%%%%%%%%%%%%%%%%%%%%%%%%%%%%%%%%%%%%%%%%%%%
         -->
      <co2_default units="ppm">350</co2_default>
      <photosynthetic_pathway units="C3, or C4">C3</photosynthetic_pathway>
      <x_co2_te_modifier units="ppm co2">350  700   1000</x_co2_te_modifier>
      <y_co2_te_modifier>1.0  1.37  1.69</y_co2_te_modifier>
      <x_co2_nconc_modifier units="ppm co2">350  700   1000</x_co2_nconc_modifier>
      <y_co2_nconc_modifier>1.0  0.93  0.9</y_co2_nconc_modifier>
      <!-- %%%%%%%%%%%%%%%%%%%%%%%%%%%%%%%%%%%%%%%%%%%%%%%%%%%%%%%%%%%%%%%%%%%%%%%%%%%%%%%%%%%%%%%%%%%%%%%%%%%%%%%%%%%
         SECTION - CROP PHENOLOGY
         %%%%%%%%%%%%%%%%%%%%%%%%%%%%%%%%%%%%%%%%%%%%%%%%%%%%%%%%%%%%%%%%%%%%%%%%%%%%%%%%%%%%%%%%%%%%%%%%%%%%%%%%%%%
         -->
      <phenology_option>2</phenology_option>
      <stage_code description="numeric code for phenological stages">1      2    3     4     5     6     7      8     9    10     11</stage_code>
      <stage_names description="stage names">sowing germination emergence end_of_juvenile floral_initiation flowering start_grain_fill end_grain_fill maturity harvest_ripe end_crop </stage_names>
      <!-- __________________________________________________________________________________________________________-
         STEM REDUCTION EFFECT ON PHENOLOGY
         sow    ger   eme  juv    fi    fl   st_gf end_gf  mat hv_rpe  end
         -->
      <stage_code_list description="numeric code for phenological stages">1      2    3     4     5     6     7      8     9    10     11</stage_code_list>
      <stage_stem_reduction_harvest>1      2    3     3     4     4     4      4     4     4     11</stage_stem_reduction_harvest>
      <stage_stem_reduction_kill_stem>1      2    3     3     4     4     4      4     4     4     11</stage_stem_reduction_kill_stem>
      <!-- __________________________________________________________________________________________________________-
         SEED GERMINATION
         Water stress factor for germination
         -->
      <pesw_germ units="mm/mm" description="plant extractable soil water in seedling layer inadequate for germination (mm/mm)">0.00</pesw_germ>
      <!-- __________________________________________________________________________________________________________-
         EMERGENCE
         -->
      <shoot_lag units="oCd" description="Time lag before linear coleoptile growth starts (deg days)">40.0</shoot_lag>
      <shoot_rate units="oCd/mm" description="Growing deg day increase with depth for coleoptile (deg day/mm depth)">1.50</shoot_rate>
      <!-- Water stress factor for emergence
         -->
      <fasw_emerg description="Fraction of available soil water">0.0  1.0    </fasw_emerg>
      <rel_emerg_rate description="Stress factor for thermal time calculation between germination and emergence">1.0  1.0    </rel_emerg_rate>
      <!-- __________________________________________________________________________________________________________-
         PHOTOPERIOD AND TWILIGHT
         -->
      <twilight description="-2.2 (o)   ! Twilight is defined as the interval between sunrise or sunset and the time when the true">-6.0 </twilight>
      <!--  centre of the sun is 2.2 degrees below the horizon. Sunrise or sunset is defined as when
         the true centre of the sun is 50' below the horizon.
         __________________________________________________________________________________________________________-
         Vernalisation
         -->
      <x_vernal_temp>0 2  8  15</x_vernal_temp>
      <y_vernal_days>0 1  0.5  0</y_vernal_days>
      <!-- __________________________________________________________________________________________________________-
         THERMAL TIME CALCULATION
         Thermal time calculation
         -->
      <x_temp units="oC" description="cardinal temps.">0  26  34</x_temp>
      <y_tt units="oCd" description="effective thermal time">0  26   0</y_tt>
<!--      <x_removeBiomPheno description="fraction of above ground biomass removed">0.0  0.1   0.4  0.5  1.0</x_removeBiomPheno> -->
<!--      <y_removeFractPheno description="fraction of above ground thermal time removed">0.0  0.08  0.4  0.5  1.0</y_removeFractPheno> -->
<!--      Using the AusFarm Translator component which considers the phenology during removal -->
      <x_removeBiomPheno description="fraction of above ground biomass removed">0.0  1.0</x_removeBiomPheno>
      <y_removeFractPheno description="fraction of above ground thermal time removed">0.0  0.0</y_removeFractPheno>
      
      <!-- __________________________________________________________________________________________________________-
         LEAF NUMBER DEVELOPMENT
         currently leaf number at emergence will affect LAI at early stage, leaf_no_seed has no effect on the model, but will have in future
         -->
      <leaf_no_at_emerg description="(expanded) leaf number at emergence ()">1.0                 </leaf_no_at_emerg>
      <leaf_app_rate1 units="oCd" description="Growing deg day required to develop the most leaf ligules. (deg day).">75.0</leaf_app_rate1>
      <leaf_app_rate2 units="oCd" description="Growing deg day required to develop last leaf ligules. (deg day).">2.0</leaf_app_rate2>
      <leaf_no_rate_change description="Leaf no below flag above which leaf appearance rate changes from rate1 to rate2.">7</leaf_no_rate_change>
      <!--  RELATIVE to FLAG
         -->
      <leaf_no_pot_option>2</leaf_no_pot_option>
      <x_node_no_app>0    20</x_node_no_app>
      <y_node_app_rate>75   75</y_node_app_rate>
      <x_node_no_leaf>0    2.5   10</x_node_no_leaf>
      <y_leaves_per_node>1    1     10</y_leaves_per_node>
      <x_lai_ratio description="ratio table for critical leaf size below which leaf number is reduced ()">0.0  0.1 0.8 1.0</x_lai_ratio>
      <y_leaf_no_frac description="reduction in leaf appearance ()">0.0  1.0 1.0 1.0</y_leaf_no_frac>
      <!-- %%%%%%%%%%%%%%%%%%%%%%%%%%%%%%%%%%%%%%%%%%%%%%%%%%%%%%%%%%%%%%%%%%%%%%%%%%%%%%%%%%%%%%%%%%%%%%%%%%%%%%%%%%%
         SECTION 2 - PHOTOSYNTHESIS, BIOMASS GROWTH AND PARTITION
         %%%%%%%%%%%%%%%%%%%%%%%%%%%%%%%%%%%%%%%%%%%%%%%%%%%%%%%%%%%%%%%%%%%%%%%%%%%%%%%%%%%%%%%%%%%%%%%%%%%%%%%%%%%
         %%%%%%%%%%%%%%%%%%%%%%%%%%%%%%%%%%%%%%%%%%%%%%%%%
         PHOTOSYNTHESIS AND RADIATION USE EFFICIENCY (RUE)
         %%%%%%%%%%%%%%%%%%%%%%%%%%%%%%%%%%%%%%%%%%%%%%%%%
         STAGE DEPENDENT RUE
         -->
      <x_stage_rue description="numeric code for phenological stages">1      2    3     4     5     6     7      8     9      10    11</x_stage_rue>
      <y_rue units="g/MJ">0      0    1.24  1.24  1.24  1.24  1.24   1.24  0.00  0.00   0</y_rue>
      <!-- __________________________________________________________________________________________________________-
         EXTINCTION COEFFICIENT
         ROW SPACING DETERMINED
         -->
      <skiprow_default>0</skiprow_default>
      <row_spacing_default units="mm">250</row_spacing_default>
      <x_row_spacing>200  350  1000</x_row_spacing>
      <y_extinct_coef>0.50 0.50 0.50</y_extinct_coef>
      <!-- y_extinct_coef     = 0.45 0.45 0.45
         -->
      <y_extinct_coef_dead>0.30 0.30 0.30</y_extinct_coef_dead>
      <!-- POD EXTINCTION COEFFICIENT and RUE
         -->
      <extinct_coef_pod>0.0</extinct_coef_pod>
      <spec_pod_area units="mm^2/g">0.0</spec_pod_area>
      <rue_pod units="g/MJ">0.0</rue_pod>
      <!-- __________________________________________________________________________________________________________-
         TEMPERATURE RESPONSE OF PHOTOSYNTHESIS - RUE
         -->
      <x_ave_temp units="oC" description="mean daily temperature">0  10 25 35</x_ave_temp>
      <y_stress_photo description="multiplier on RUE">0  1  1  0</y_stress_photo>
      <!-- %%%%%%%%%%%%%%%%%%%%%%%%%%%%%%%%%%%%%%%%%%%%%%%%%
         BIOMASS INITIATION, PARTITION AND TRANSLOCATION
         %%%%%%%%%%%%%%%%%%%%%%%%%%%%%%%%%%%%%%%%%%%%%%%%%
         INITIATION
         root
         -->
      <root_dm_init units="g/plant" description="part weight at emergence">0.010</root_dm_init>
      <leaf_dm_init>0.003</leaf_dm_init>
      <stem_dm_init>0.0016</stem_dm_init>
      <pod_dm_init>0.0</pod_dm_init>
      <meal_dm_init>0.0</meal_dm_init>
      <oil_dm_init>0.0</oil_dm_init>
      <!-- __________________________________________________________________________________________________________-
         TRANSLOCATION PARTS
         -->
      <stemGrowthStructuralFractionStage>  7 7.01</stemGrowthStructuralFractionStage>
      <stemGrowthStructuralFraction>  .65 0.0</stemGrowthStructuralFraction>
      <!-- __________________________________________________________________________________________________________-
         BIOMASS PARTITIONING
         sow    ger   eme  juv   endjuv    fi    flag  flow  endhead st_gf end_gf  mat hv_rpe  end
         -->
      <x_stage_no_partition>1      2    3     4    4.9       5     5.4   6       6.9    7      8     9    10     11</x_stage_no_partition>
      <!-- y_ratio_root_shoot         = 0      0    1.0   0.6  0.3       0.25  0.10  0.08          0      0     0     0      0   (0-1)
         -->
      <y_ratio_root_shoot units="0-1">0      0    1.0   1.0  0.3       0.30  0.30  0.08    0.01   0      0     0     0      0</y_ratio_root_shoot>
      <y_frac_leaf units="0-1" description="fraction of remaining dm allocated to leaves">0      0    0.6   0.6  0.6       0.42  0.0   0.0     0.0    0      0     0     0      0</y_frac_leaf>
      <y_frac_pod units="0-1" description="fraction of dm allocated to pod or multiplier of grain dm to account for pod dm">0      0    0     0     0        0     0.33  0.33    0.33   0      0     0     0      0</y_frac_pod>
      <!-- __________________________________________________________________________________________________________-
         __________________________________________________________________________________________________________-
         GRAIN NUMBER DETERMINATION
         __________________________________________________________________________________________________________-
         GRAIN FILLING
         -->
      <grain_no_determinant>stem</grain_no_determinant>
      <sw_fac_max description="soil water stress factor maximum">1.125</sw_fac_max>
      <temp_fac_min description="temperature stress factor minimum">0.69</temp_fac_min>
      <sfac_slope description="soil water stress factor slope">-0.125</sfac_slope>
      <tfac_slope description="temperature stress factor slope">0.0125</tfac_slope>
      <potential_grain_n_filling_rate units="g/grain/d">0.000055</potential_grain_n_filling_rate>
      <minimum_grain_n_filling_rate units="g/grain/d">0.000015</minimum_grain_n_filling_rate>
      <x_temp_grain_n_fill>0 25</x_temp_grain_n_fill>
      <y_rel_grain_n_fill>0   1</y_rel_grain_n_fill>
      <crit_grainfill_rate>0.000</crit_grainfill_rate>
      <GrainMaxDailyNConc>0.03 </GrainMaxDailyNConc>
      <x_temp_grain units="oC" description="temperature table for grain growth rate">0.0   15.0</x_temp_grain>
      <y_grain_rate units="0-1" description="temperature factor on grain growth rate">0.0   1.0</y_grain_rate>
      <carbo_oil_conv_ratio description="Carbohydrate:oil conversion ratio (&gt;= 1.0)">1.0                 </carbo_oil_conv_ratio>
      <grain_oil_conc description="fractional oil content of grain (0-1)">0.0                 </grain_oil_conc>
      <!-- __________________________________________________________________________________________________________-
         GRAIN WATER CONTENT
         -->
      <grn_water_cont units="g/g" description="water content of grain g/g">0.125</grn_water_cont>
      <!-- %%%%%%%%%%%%%%%%%%%%%%%%%%%%%%%%%%%%%%%%%%%%%%%%%%%%%%%%%%%%%%%%%%%%%%%%%%%%%%%%%%%%%%%%%%%%%%%%%%%%%%%%%%%
         SECTION 3 - LEAF/STEM/POD AREA GROWTH
         %%%%%%%%%%%%%%%%%%%%%%%%%%%%%%%%%%%%%%%%%%%%%%%%%%%%%%%%%%%%%%%%%%%%%%%%%%%%%%%%%%%%%%%%%%%%%%%%%%%%%%%%%%%
         ______________________________________________________________________________
         LEAF SIZE AS A FUNCTION OF LEAF NUMBER
         -->
      <node_no_correction>2.0</node_no_correction>
      <x_node_no>1     5    8    10</x_node_no>
      <y_leaf_size>1400 3700 4800 5600</y_leaf_size>
      <!-- ______________________________________________________________________________
         SPECIFIC LEAF AREA - SLA
         -->
      <x_lai>0     5</x_lai>
      <y_sla_max description="maximum specific leaf area for delta LAI">30000   25000       </y_sla_max>
      <sla_min description="minimum specific leaf area for delta LAI">18000            </sla_min>
      <!-- ______________________________________________________________________________
         TPLA  - USED TO INTIALISE THE INITIAL LAI
         -->
      <initial_tpla units="mm^2/plant" description="initial total plant leaf area">200</initial_tpla>
      <!-- ______________________________________________________________________________
         HARVESTING EFFECTS ON LEAF AREA
         -->
      <fr_height_cut>0.0  0.1    1</fr_height_cut>
      <fr_stem_remain>0.0  0.2    1</fr_stem_remain>
      <!-- %%%%%%%%%%%%%%%%%%%%%%%%%%%%%%%%%%%%%%%%%%%%%%%%%%%%%%%%%%%%%%%%%%%%%%%%%%%%%%%%%%%%%%%%%%%%%%%%%%%%%%%%%%%
         SECTION 4 - ROOT DEPTH AND ROOT LENGTH GROWTH
         %%%%%%%%%%%%%%%%%%%%%%%%%%%%%%%%%%%%%%%%%%%%%%%%%%%%%%%%%%%%%%%%%%%%%%%%%%%%%%%%%%%%%%%%%%%%%%%%%%%%%%%%%%%
         __________________________________________________________________________________________________________-
         ROOTING DEPTH
         sow    ger   eme  juv    fi    fl   st_gf end_gf  mat hv_rpe  end
         stage_code           = 1      2    3     4     5     6     7      8     9    10     11  ()
         -->
      <root_depth_rate units="mm/d">0      5.0  30    30    30    30    0.0      0.0   0.0   0.0    0</root_depth_rate>
      <!-- Effect of sw_supply_demand_ratio on root depth increase
         -->
      <x_ws_root description="sw_supply_demand_ratio">0   1   </x_ws_root>
      <y_ws_root_fac description="effect of supply_demand_ratio on root depth increase">1   1   </y_ws_root_fac>
      <!-- x_sw_ratio = [sw_dep(lay)-ll_dep(lay)]/[dul_dep(lay)-ll_dep(lay)] in the deepest root layer
         -->
      <x_sw_ratio description="water availability for effects on root depth growth">0.0 0.25</x_sw_ratio>
      <y_sw_fac_root description="stress factor for root depth growth, This may be probably the same for all crops">0   1</y_sw_fac_root>
      <!-- __________________________________________________________________________________________________________-
         TEMPERATURE EFFECT ON ROOT ADVANCE
         -->
      <x_temp_root_advance>0 25 35</x_temp_root_advance>
      <y_rel_root_advance>0 1  0</y_rel_root_advance>
      <!-- __________________________________________________________________________________________________________-
         ROOT LENGTH CALCULATION
         -->
      <initial_root_depth units="mm" description="initial depth of roots (mm)">100</initial_root_depth>
      <specific_root_length units="mm/g" description="CEREs Wheat">105000</specific_root_length>
      <!-- The following can increase or decrease the root length density in a layer based on the rld per plant
         -->
      <x_plant_rld units="mm/mm3/plant" description="root branching">0   0.0001  0.0003</x_plant_rld>
      <y_rel_root_rate units="0-1">0.02  0.10  1.0</y_rel_root_rate>
      <!-- y_rel_root_rate          = 1.0   1.0   1.0   (0-1)
         %%%%%%%%%%%%%%%%%%%%%%%%%%%%%%%%%%%%%%%%%%%%%%%%%%%%%%%%%%%%%%%%%%%%%%%%%%%%%%%%%%%%%%%%%%%%%%%%%%%%%%%%%%%
         SECTION 5 - WATER RELATIONS AND WATER STRESS FACTORS
         %%%%%%%%%%%%%%%%%%%%%%%%%%%%%%%%%%%%%%%%%%%%%%%%%%%%%%%%%%%%%%%%%%%%%%%%%%%%%%%%%%%%%%%%%%%%%%%%%%%%%%%%%%%
         STAGE DEPENDENT TRANSPIRATION EFFICIENCY COEFFICIENTS
         Transpiration efficiency coefficient to convert vpd to transpiration efficiency (kpa)
         The following transp_eff_cf values are
         in the form kpa/g carbo per m^2 / g water per m^2 (kpa/g carbo per m^2 / mm water) because 1g water = 1 cm^3 water
         sow    ger   eme  juv    fi    fl   st_gf end_gf  mat hv_rpe  end
         stage_code           = 1      2    3     4     5     6     7      8     9    10     11  ()
         -->
      <transp_eff_cf units="Pa">0      0    .006  .006  .006  .006  .006  .006   .0025 .00    0</transp_eff_cf>
      <!-- __________________________________________________________________________________________________________-
         VPD FRACTION
         Fraction of distance between svp at min temp and svp at max temp where average svp during transpiration lies.
         -->
      <svp_fract description="(0-1)">0.75  </svp_fract>
      <eo_crop_factor_default description="default crop factor for limiting soil">1.5  </eo_crop_factor_default>
      <!--  water demand to some fraction/multiple
         of atmospheric potential.
         __________________________________________________________________________________________________________-
         WATER STRESS FACTORS FOR PHOTOSYNTHESIS, EXPANSION AND DEVELOPMENT
         swdef_photo for photosynthesis is calculated in the code as = sw_supply_sum/sw_demand - function crop_swdef_photo
         For expansion growth, more sensitive than other growth processes
         x_sw_demand_ratio = sw_supply_sum/sw_demand
         -->
      <x_sw_demand_ratio description="water availability">0.1 1.1</x_sw_demand_ratio>
      <y_swdef_leaf description="stress indices">0   1</y_swdef_leaf>
      <!-- For phenology stress factor based on available soil water portion
         sw_avail_pot_sum = sum_real_array (sw_avail_pot, deepest_layer),
         sw_avail_sum     = sum_real_array (sw_avail, deepest_layer)
         sw_avail_ratio   = divide (sw_avail_sum, sw_avail_pot_sum, 1.0) !???
         -->
      <x_sw_avail_ratio description="water availability">0.0 0.16</x_sw_avail_ratio>
      <y_swdef_pheno description="stress index for phenology">1.0 1.0</y_swdef_pheno>
      <x_sw_avail_ratio_flowering description="water availability">0.2   0.50  1.0</x_sw_avail_ratio_flowering>
      <y_swdef_pheno_flowering description="stress index for flowering phenology">1.0   1.0    1.0</y_swdef_pheno_flowering>
      <x_sw_avail_ratio_start_grain_fill description="water availability">0.2   0.50   1.0</x_sw_avail_ratio_start_grain_fill>
      <y_swdef_pheno_start_grain_fill description="stress index for grainfilling phenology">1.0   1.0    1.0</y_swdef_pheno_start_grain_fill>
      <!-- __________________________________________________________________________________________________________-
         WATERLOGGING STRESS (OXYGEN DEFICIT) FACTOR FOR PHOTOSYNTHESIS
         -->
      <oxdef_photo_rtfr description="fraction of roots waterlogged for effect on photosynthesis">0.0  0.8   1.0</oxdef_photo_rtfr>
      <oxdef_photo units="0-1" description="stress index on photosynthesis">1.0  1.0   1.0</oxdef_photo>
      <!-- %%%%%%%%%%%%%%%%%%%%%%%%%%%%%%%%%%%%%%%%%%%%%%%%%%%%%%%%%%%%%%%%%%%%%%%%%%%%%%%%%%%%%%%%%%%%%%%%%%%%%%%%%%%
         SECTION 6 -NITROGEN RELATIONS, UPTAKE AND STRESS FACTORS
         %%%%%%%%%%%%%%%%%%%%%%%%%%%%%%%%%%%%%%%%%%%%%%%%%%%%%%%%%%%%%%%%%%%%%%%%%%%%%%%%%%%%%%%%%%%%%%%%%%%%%%%%%%%
         ______________________________________________________________________________
         UPTAKE PREFERENCE AND CONSTANTS
         preference for n supply - it is assumed that mass flow is always predominant, but further crop preference can
         be specified as follows:
         'active'   = diffusive flow before fixation
         'fixation' = fixed N before active uptake.
         -->
      <n_supply_preference>active</n_supply_preference>
      <!-- Time constant for N uptake by diffusion. H van Keulen &  NG Seligman. Purdoe 1987.
         This is the  time it would take to remove, by diffusion, current amount of N if it wasn't depleted between time steps
         -->
      <no3_diffn_const description="2.0 (days)">4.0 </no3_diffn_const>
      <!-- ______________________________________________________________________________
         LEGUME N FIXATION RATE - potential rate of N fixation (g N fixed per g above ground biomass)
         sow    ger   eme  juv    fi    fl   st_gf end_gf  mat hv_rpe  end
         stage_code           = 1      2    3     4     5     6     7      8     9    10     11  ()
         -->
      <N_fix_rate units="gN/gDM">0      0    0     .00  0.00  0.00  0.00   0.00  0.00  0.00    0</N_fix_rate>
      <x_sw_avail_fix description="soil water ratio for effect on N fixation">0.0  0.50  0.95  1.0</x_sw_avail_fix>
      <y_swdef_fix units="0-1" description="stress index on N fixation">1.0  1.0   1.0   1.0</y_swdef_fix>
      <!-- ______________________________________________________________________________
         NITROGEN STRESS FACTORS FOR PHOTOSYNTHESIS,LEAF GROWTH AND DEVELOPMENT
         n_conc_ratio      = divide ((N_conc_stover - N_conc_stover_min),(N_conc_stover_crit-N_conc_stover_min),0.0)
         n_conc_ratio_leaf = divide ((N_conc_leaf - N_conc_leaf_min), (N_conc_leaf_crit - N_conc_leaf_min), 0.0)
         g_nfact_photo     = N_fact_photo * N_conc_ratio
         g_n_fact_pheno    = N_fact_pheno * N_conc_ratio
         g_nfact_expansion = N_fact_expansion * n_conc_ratio_leaf
         -->
      <n_stress_option>2</n_stress_option>
      <N_fact_photo description="multipler for N deficit effect on photosynthesis">1.5    </N_fact_photo>
      <N_fact_expansion description="multipler for N deficit effect on leaf expansion">1.0    </N_fact_expansion>
      <N_fact_pheno description="multipler for N deficit effect on phenology">100    </N_fact_pheno>
      <N_fact_grain description="multipler for N deficit effect on grain">1</N_fact_grain>
      <!-- ______________________________________________________________________________
         NITROGEN CONCENTRATION LIMITS: MAX. CRITICAL AND MINIMUM N CONCENTRATIONS
         emerg   endjuv fi    flag   start gf maturity
         -->
      <x_stage_code>3       4      5     6      8      10</x_stage_code>
      <y_n_conc_min_leaf>0.025   0.025  0.021 0.010  0.005  0.0025</y_n_conc_min_leaf>
      <y_n_conc_crit_leaf>0.063   0.063  0.042 0.015  0.008  0.0035</y_n_conc_crit_leaf>
      <y_n_conc_max_leaf>0.070   0.070  0.050 0.020  0.010  0.005</y_n_conc_max_leaf>
      <y_n_conc_min_stem>0.025   0.025  0.004 0.003  0.003  0.0025</y_n_conc_min_stem>
      <y_n_conc_crit_stem>0.050   0.050  0.020 0.010  0.005  0.0035</y_n_conc_crit_stem>
      <y_n_conc_max_stem>0.070   0.070  0.040 0.015  0.015  0.015</y_n_conc_max_stem>
      <y_n_conc_min_pod>0.025   0.025  0.004 0.003  0.003  0.0025</y_n_conc_min_pod>
      <y_n_conc_crit_pod>0.050   0.050  0.020 0.010  0.005  0.0035</y_n_conc_crit_pod>
      <y_n_conc_max_pod>0.070   0.070  0.040 0.015  0.015  0.015</y_n_conc_max_pod>
      <!-- n_conc_min_root    =  0.010   0.010  0.006 0.006  0.006  0.006 ()
         n_conc_crit_root   =  0.020   0.016  0.016 0.016  0.015  0.015 ()
         -->
      <n_conc_min_root>0.010</n_conc_min_root>
      <n_conc_crit_root>0.020</n_conc_crit_root>
      <n_conc_max_root>0.020</n_conc_max_root>
      <n_conc_min_grain>0.014</n_conc_min_grain>
      <n_conc_crit_grain>0.030</n_conc_crit_grain>
      <n_conc_max_grain>0.030</n_conc_max_grain>
      <y_n_conc_min_meal>0.0     0.0     0.0    0.0   0.014  0.014</y_n_conc_min_meal>
      <y_n_conc_crit_meal>0.0     0.0     0.0    0.0   0.030  0.030</y_n_conc_crit_meal>
      <y_n_conc_max_meal>0.0     0.0     0.0    0.0   0.030  0.030</y_n_conc_max_meal>
      <y_n_conc_min_oil>0.0     0.0     0.0    0.0    0.0    0.0</y_n_conc_min_oil>
      <y_n_conc_crit_oil>0.0     0.0     0.0    0.0    0.0    0.0</y_n_conc_crit_oil>
      <y_n_conc_max_oil>0.0     0.0     0.0    0.0    0.0    0.0</y_n_conc_max_oil>
      <!-- ______________________________________________________________________________
         INITIAL NITROGEN CONCENTRATION OF ORGANS
         -->
      <root_n_init_conc>0.020</root_n_init_conc>
      <leaf_n_init_conc>0.063</leaf_n_init_conc>
      <stem_n_init_conc>0.050</stem_n_init_conc>
      <pod_n_init_conc>0.063</pod_n_init_conc>
      <meal_n_init_conc>0.0</meal_n_init_conc>
      <oil_n_init_conc>0.0</oil_n_init_conc>
      <!-- ______________________________________________________________________________
         NITROGEN CONCENTRATION IN SENESCENCED ORGANS
         This means that as soon as leaves fall off, all N except for the amount below is
         instantly transferred from leaves to stem (need to stop this occuring if you 'kill' crop)
         -->
      <n_senescence_option>2</n_senescence_option>
      <root_n_sen_conc description="shouldn't they more or less match the min_conc of plant parts?">0.005 </root_n_sen_conc>
      <leaf_n_sen_conc>0.005</leaf_n_sen_conc>
      <stem_n_sen_conc>0.0025</stem_n_sen_conc>
      <pod_n_sen_conc>0.007</pod_n_sen_conc>
      <meal_n_sen_conc>0.014</meal_n_sen_conc>
      <oil_n_sen_conc>0.0</oil_n_sen_conc>
      <!-- %%%%%%%%%%%%%%%%%%%%%%%%%%%%%%%%%%%%%%%%%%%%%%%%%%%%%%%%%%%%%%%%%%%%%%%%%%%%%%%%%%%%%%%%%%%%%%%%%%%%%%%%%%%
         SECTION 7 -SENESCENCE AND DETACHMENT
         %%%%%%%%%%%%%%%%%%%%%%%%%%%%%%%%%%%%%%%%%%%%%%%%%%%%%%%%%%%%%%%%%%%%%%%%%%%%%%%%%%%%%%%%%%%%%%%%%%%%%%%%%%%
         ______________________________________________________________________________
         DM SENESCENCE
         -->
      <root_die_back_fr units="0-1" description="fraction of roots lost at harvest">0.0</root_die_back_fr>
      <dm_senescence_option>1</dm_senescence_option>
      <!--  dm fraction senesced for each fraction of canopy senesced.
         -->
      <x_dm_sen_frac_root description="root">0    1     </x_dm_sen_frac_root>
      <y_dm_sen_frac_root>0.005 0.005</y_dm_sen_frac_root>
      <x_dm_sen_frac_leaf description="leaf">0    1     </x_dm_sen_frac_leaf>
      <y_dm_sen_frac_leaf>0    1</y_dm_sen_frac_leaf>
      <x_dm_sen_frac_stem description="stem">0    1     </x_dm_sen_frac_stem>
      <y_dm_sen_frac_stem>0    0</y_dm_sen_frac_stem>
      <x_dm_sen_frac_pod description="flower">0    1     </x_dm_sen_frac_pod>
      <y_dm_sen_frac_pod>0    0</y_dm_sen_frac_pod>
      <x_dm_sen_frac_meal description="meal">0    1     </x_dm_sen_frac_meal>
      <y_dm_sen_frac_meal>0    0</y_dm_sen_frac_meal>
      <x_dm_sen_frac_oil description="oil">0    1     </x_dm_sen_frac_oil>
      <y_dm_sen_frac_oil>0    0</y_dm_sen_frac_oil>
      <!-- ______________________________________________________________________________
         LEAF NUMBER AND AREA SENESCENCE
         -->
      <min_tpla description="lower limit of total plant leaf area">5.0</min_tpla>
      <node_sen_rate units="oCd/node" description="rate of node senescence on main stem">60.0</node_sen_rate>
      <fr_lf_sen_rate description="fraction of total leaf number senescing per main stem node">0.035</fr_lf_sen_rate>
      <n_fact_lf_sen_rate>0.0</n_fact_lf_sen_rate>
      <lai_sen_light units="m^2/m^2" description="induced senescence occurs (m^2/m^2)">7.0</lai_sen_light>
      <sen_light_slope description="sensitivity of leaf area senescence to shading">0.005</sen_light_slope>
      <x_temp_senescence description="minimum temperature for frost senescence table (oC)">-15.0 -5.0     </x_temp_senescence>
      <y_senescence_fac description="daily fraction of leaf area senesced due to frost (0-1)">1    0       </y_senescence_fac>
      <x_maxt_senescence description="minimum temperature for heat senescence table (oC)">34.0 34.1 45.0     </x_maxt_senescence>
      <y_heatsenescence_fac description="daily fraction of leaf area senesced due to heat (0-1)">0  0.0  0.0       </y_heatsenescence_fac> 	  
      <sen_rate_water description="slope in linear eqn relating soil water stress during photosynthesis to leaf senesence rate">0.10</sen_rate_water>
      <!-- ______________________________________________________________________________
         DETACHMENT
         -->
      <root_dead_detach_frac description="fraction detached from each part of a dead plant per day.">0.0</root_dead_detach_frac>
      <root_sen_detach_frac description="fraction of senesced plant part detached each day from live plants">1.0</root_sen_detach_frac>
      <leaf_dead_detach_frac>0.0</leaf_dead_detach_frac>
      <leaf_sen_detach_frac>0.0</leaf_sen_detach_frac>
      <stem_dead_detach_frac>0.0</stem_dead_detach_frac>
      <stem_sen_detach_frac>0.0</stem_sen_detach_frac>
      <pod_dead_detach_frac>0.0</pod_dead_detach_frac>
      <pod_sen_detach_frac>0.0</pod_sen_detach_frac>
      <meal_dead_detach_frac>0.0</meal_dead_detach_frac>
      <meal_sen_detach_frac>0.0</meal_sen_detach_frac>
      <oil_dead_detach_frac>0.0</oil_dead_detach_frac>
      <oil_sen_detach_frac>0.0</oil_sen_detach_frac>
      <!-- %%%%%%%%%%%%%%%%%%%%%%%%%%%%%%%%%%%%%%%%%%%%%%%%%%%%%%%%%%%%%%%%%%%%%%%%%%%%%%%%%%%%%%%%%%%%%%%%%%%%%%%%%%%
         SECTION 8 - WE MIGHT PUT RETRANSLOCATION OF DM AND N IN THIS SECTION
         %%%%%%%%%%%%%%%%%%%%%%%%%%%%%%%%%%%%%%%%%%%%%%%%%%%%%%%%%%%%%%%%%%%%%%%%%%%%%%%%%%%%%%%%%%%%%%%%%%%%%%%%%%%
         %%%%%%%%%%%%%%%%%%%%%%%%%%%%%%%%%%%%%%%%%%%%%%%%%%%%%%%%%%%%%%%%%%%%%%%%%%%%%%%%%%%%%%%%%%%%%%%%%%%%%%%%%%%
         SECTION 9 - CROP FAILURE AND DEATH
         %%%%%%%%%%%%%%%%%%%%%%%%%%%%%%%%%%%%%%%%%%%%%%%%%%%%%%%%%%%%%%%%%%%%%%%%%%%%%%%%%%%%%%%%%%%%%%%%%%%%%%%%%%%
         ______________________________________________________________________________
         crop failure
         -->
      <leaf_no_crit description="critical number of leaves, below which portion of the crop may die due to water stress">10.0</leaf_no_crit>
      <tt_emerg_limit units="oCd" description="maximum degree days allowed for emergence to take place">300.0</tt_emerg_limit>
      <days_germ_limit units="days" description="maximum days allowed after sowing for germination to take place (days)">40.0</days_germ_limit>
      <swdf_photo_limit description="critical cumulative photosynthesis water stress, above which the crop partly fails (unitless)">99.0</swdf_photo_limit>
      <swdf_photo_rate description="rate of plant reduction with photosynthesis water stress">0.0</swdf_photo_rate>
      <swdf_pheno_limit description="critical cumulative phenology water stress, above which the crop fails (unitless)">25</swdf_pheno_limit>
      <!-- ______________________________________________________________________________
         PLANT DEATH
         -->
      <x_weighted_temp units="oC">55.0  60.0</x_weighted_temp>
      <y_plant_death>0.0   1.0</y_plant_death>
      <!-- %%%%%%%%%%%%%%%%%%%%%%%%%%%%%%%%%%%%%%%%%%%%%%%%%%%%%%%%%%%%%%%%%%%%%%%%%%%%%%%%%%%%%%%%%%%%%%%%%%%%%%%%%%%
         SECTION 10 - PHOSPHORUS RELATIONS, UPTAKE AND STRESS FACTORS
         %%%%%%%%%%%%%%%%%%%%%%%%%%%%%%%%%%%%%%%%%%%%%%%%%%%%%%%%%%%%%%%%%%%%%%%%%%%%%%%%%%%%%%%%%%%%%%%%%%%%%%%%%%%
         %%%%%%%%%%%%%%%%%%%%%%%%%%%%%%%%%%%%%%%%%%%%%%%%%%%%%%%%%%%%%%%%%%%%%%%%%%%%%%%%%%%%%%%%%%%%%%%%%%%%%%%%%%%
         SECTION - VALUE LIMITS - MAX AND MINS
         %%%%%%%%%%%%%%%%%%%%%%%%%%%%%%%%%%%%%%%%%%%%%%%%%%%%%%%%%%%%%%%%%%%%%%%%%%%%%%%%%%%%%%%%%%%%%%%%%%%%%%%%%%%
         ______________________________________________________________________________
         ROOT PARAMETERS
         -->
      <ll_ub description="upper limit of lower limit">1000.0</ll_ub>
      <kl_ub description="upper limit of water uptake factor">1.0</kl_ub>
      <!-- ______________________________________________________________________________
         SOIL WATER
         -->
      <minsw description="lowest acceptable value for ll">0.00001</minsw>
      <!--  cultivar parameter upper bounds
         -->
      <tt_emergence_ub units="oCd" description="upper limit">1000.0</tt_emergence_ub>
      <tt_flower_to_maturity_ub units="oCd" description="upper limit">1500.0</tt_flower_to_maturity_ub>
      <tt_maturity_to_ripe_ub units="oCd" description="upper limit">1000.0</tt_maturity_to_ripe_ub>
      <tt_flower_to_start_grain_ub units="oCd" description="upper limit">1000.0</tt_flower_to_start_grain_ub>
      <tt_init_to_flower_ub units="oCd" description="upper limit">1000.0</tt_init_to_flower_ub>
      
      <!-- %%%%%%%%%%%%%%%%%%%%%%%%%%%%%%%%%%%%%%%%%%%%%%%%%%%%%%%%%%%%%%%%%%%%%%%%%%%%%%%%%%%%%%%%%%%%%%%%%%%%%%%%%%%
      SECTION - Root KL modifiers:
         Hochman et. al. (2007) Simulating the effects of saline and sodic subsoils on wheat
         crops growing on Vertosols. Australian Journal of Agricultural Research, 58, 802:810
      %%%%%%%%%%%%%%%%%%%%%%%%%%%%%%%%%%%%%%%%%%%%%%%%%%%%%%%%%%%%%%%%%%%%%%%%%%%%%%%%%%%%%%%%%%%%%%%%%%%%%%%%%%%
      -->
      <ClA>4.0</ClA>
      <ClB>-0.005</ClB>
      <ESPA>10.0</ESPA>
      <ESPB>-0.15</ESPB>
      <ECA>3.0</ECA>
      <ECB>-1.3</ECB>
      
    </plant>
    <!-- ***********************************************************************************************************
      PARAMETERS  - CULTIVAR-SPECIFIC VALUES
      ***********************************************************************************************************
      -->
    <base_cultivar>
      <!--  Basic Cultivar information from which other cultivars can inherit information.  Do not use this cultivar in
         Simulations but choose from the following list of cultivars.
         -->
      <grains_per_gram_stem>25.0</grains_per_gram_stem>
      <potential_grain_filling_rate description="grain growth rate during grainfill">0.0020  </potential_grain_filling_rate>
      <potential_grain_growth_rate description="grain growth from flowering to grain fill">0.0010  </potential_grain_growth_rate>
      <max_grain_size description="set to high value to remove effect">0.065</max_grain_size>
      <tt_emergence units="oCd">1.0</tt_emergence>
      <tt_end_of_juvenile units="oCd">400.0</tt_end_of_juvenile>
      <tt_floral_initiation>230.0</tt_floral_initiation>
      <tt_flowering units="oCd">120.0</tt_flowering>
      <tt_start_grain_fill units="oCd">545</tt_start_grain_fill>
      <tt_end_grain_fill units="oCd">35</tt_end_grain_fill>
      <tt_maturity units="oCd">1</tt_maturity>
      <tt_harvest_ripe units="oCd">1000</tt_harvest_ripe>
      <vern_sens>1.5</vern_sens>
      <photop_sens>3.0</photop_sens>
      <cum_vernal_days>0    25</cum_vernal_days>
      <tt_emergence units="oCd">800  600</tt_emergence>
      <est_days_emerg_to_init units="d">83</est_days_emerg_to_init>
      <x_pp_endjuv_to_init>10.8   16.3</x_pp_endjuv_to_init>
      <y_tt_endjuv_to_init>50     50</y_tt_endjuv_to_init>
      <x_pp_init_to_flower units="h">10.8   16.3</x_pp_init_to_flower>
      <y_tt_init_to_flower units="oCd">450    200</y_tt_init_to_flower>
      <x_pp_flower_to_start_grain units="h">1      24</x_pp_flower_to_start_grain>
      <y_tt_flower_to_start_grain units="oCd">120     120</y_tt_flower_to_start_grain>
      <x_pp_start_to_end_grain units="h">1      24</x_pp_start_to_end_grain>
      <y_tt_start_to_end_grain units="oCd">580    580</y_tt_start_to_end_grain>
      <tt_end_grain_to_maturity units="oCd">50.0</tt_end_grain_to_maturity>
      <tt_maturity_to_ripe units="oCd">1.0</tt_maturity_to_ripe>
      <x_stem_wt units="g/plant" description="stem weight per plant">0  6</x_stem_wt>
      <y_height units="mm" description="plant canopy height">0  1500</y_height>
    </base_cultivar>
    <!-- !!!!!!!!! BARLEY cultivars !!!!!!!!!!!!!!!!
      Varieties in Phil Goyne's dataset
      -->
    <Grimmett cultivar="yes">
      <derived_from>base_cultivar</derived_from>
      <tt_floral_initiation>230.0</tt_floral_initiation>
      <vern_sens>1.5</vern_sens>
      <photop_sens>3.9</photop_sens>
    </Grimmett>
    <Mackay cultivar="yes">
      <derived_from>base_cultivar</derived_from>
      <tt_floral_initiation>230.0</tt_floral_initiation>
      <vern_sens>1.5</vern_sens>
      <photop_sens>3.0</photop_sens>
    </Mackay>
    <bass cultivar="yes">
      <derived_from>base_cultivar</derived_from>
      <tt_floral_initiation>280.0</tt_floral_initiation>
      <vern_sens>1</vern_sens>
      <photop_sens>3.5</photop_sens>
    </bass>
    <Flinders cultivar="yes">
      <derived_from>base_cultivar</derived_from>
      <tt_floral_initiation>230.0</tt_floral_initiation>
      <vern_sens>1.5</vern_sens>
      <photop_sens>3.0</photop_sens>
    </Flinders>
    <Henley cultivar="yes">
      <derived_from>base_cultivar</derived_from>
      <tt_floral_initiation>230.0</tt_floral_initiation>
      <vern_sens>1.5</vern_sens>
      <photop_sens>3.0</photop_sens>
    </Henley>
    <Navigator cultivar="yes">
      <derived_from>base_cultivar</derived_from>
      <tt_floral_initiation>230.0</tt_floral_initiation>
      <vern_sens>1.5</vern_sens>
      <photop_sens>3.0</photop_sens>
    </Navigator>
    <Westminster cultivar="yes">
      <derived_from>gairdner</derived_from>
    </Westminster>
    <Wimmera cultivar="yes">
      <derived_from>base_cultivar</derived_from>
      <tt_floral_initiation>230.0</tt_floral_initiation>
      <vern_sens>1.5</vern_sens>
      <photop_sens>3.0</photop_sens>
    </Wimmera>
    
    <Koru cultivar="yes">
      <derived_from>base_cultivar</derived_from>
      <vern_sens>1.5</vern_sens>
      <photop_sens>4.5</photop_sens>
    </Koru>
    <Tallon_x_Grimmett cultivar="yes">
      <derived_from>base_cultivar</derived_from>
      <vern_sens>1.5</vern_sens>
      <photop_sens>3.5</photop_sens>
    </Tallon_x_Grimmett>
    <!--  Phenology Based on David Moody's data at Horsham and Walpeup - ZH 6 Aug 2005
      potential_grain_filling_rate optimised to fit BCG trial sites 2003/2004 - ZH 6 Aug 2005
      __________________
      -->
    <schooner cultivar="yes">
      <derived_from>base_cultivar</derived_from>
      <potential_grain_filling_rate>0.0033</potential_grain_filling_rate>
      <tt_floral_initiation>230.0</tt_floral_initiation>
      <tt_start_grain_fill units="oCd">503.5</tt_start_grain_fill>
      <tt_end_grain_fill units="oCd">26.5</tt_end_grain_fill>
      <vern_sens>1.00</vern_sens>
      <photop_sens>3.50</photop_sens>
    </schooner>
    <Compass cultivar="yes">
      <derived_from>schooner</derived_from>
    </Compass>
    <FlagShip cultivar="yes">
      <derived_from>schooner</derived_from>
    </FlagShip>
    <!--  __________________
      -->
    <skiff cultivar="yes">
      <derived_from>base_cultivar</derived_from>
      <potential_grain_filling_rate>0.0033</potential_grain_filling_rate>
      <tt_start_grain_fill units="oCd">522.5</tt_start_grain_fill>
      <tt_end_grain_fill units="oCd">27.5</tt_end_grain_fill>
      <tt_floral_initiation>255.0</tt_floral_initiation>
      <vern_sens>1.00</vern_sens>
      <photop_sens>3.50</photop_sens>
    </skiff>
    <!--  __________________
      -->
    <franklin cultivar="yes">
      <potential_grain_filling_rate>0.0033</potential_grain_filling_rate>
      <derived_from>base_cultivar</derived_from>
      <tt_start_grain_fill units="oCd">545</tt_start_grain_fill>
      <tt_end_grain_fill units="oCd">35</tt_end_grain_fill>
      <tt_floral_initiation>530.0</tt_floral_initiation>
      <vern_sens>1.00</vern_sens>
      <photop_sens>2.90</photop_sens>
    </franklin>
    <oxford cultivar="yes">
      <derived_from>franklin</derived_from>
    </oxford>
    
    <!--  __________________
      -->
    <sloop cultivar="yes">
      <derived_from>base_cultivar</derived_from>
      <potential_grain_filling_rate>0.0033</potential_grain_filling_rate>
      <tt_start_grain_fill units="oCd">503.5</tt_start_grain_fill>
      <tt_end_grain_fill units="oCd">26.5</tt_end_grain_fill>
      <tt_floral_initiation>230.0</tt_floral_initiation>
      <vern_sens>1.00</vern_sens>
      <photop_sens>3.50</photop_sens>
    </sloop>
    <!--  __________________
      -->
    <Sloop_SA cultivar="yes">
      <derived_from>base_cultivar</derived_from>
      <potential_grain_filling_rate>0.0033</potential_grain_filling_rate>
      <tt_start_grain_fill units="oCd">503.5</tt_start_grain_fill>
      <tt_end_grain_fill units="oCd">26.5</tt_end_grain_fill>
      <tt_floral_initiation>255.0</tt_floral_initiation>
      <vern_sens>1.00</vern_sens>
      <photop_sens>3.50</photop_sens>
    </Sloop_SA>
    <!--  __________________
      -->
    <Sloop_VIC cultivar="yes">
      <derived_from>base_cultivar</derived_from>
      <potential_grain_filling_rate>0.0031</potential_grain_filling_rate>
      <tt_start_grain_fill units="oCd">503.5</tt_start_grain_fill>
      <tt_end_grain_fill units="oCd">26.5</tt_end_grain_fill>
      <tt_floral_initiation>230.0</tt_floral_initiation>
      <vern_sens>1.00</vern_sens>
      <photop_sens>3.50</photop_sens>
    </Sloop_VIC>
    <Buloke cultivar="yes">
      <derived_from>Sloop_VIC</derived_from>
    </Buloke>
    <Scope cultivar="yes">
      <derived_from>Sloop_VIC</derived_from>
    </Scope>    
    <Fleet>
      <derived_from>Sloop_VIC</derived_from>
    </Fleet>
    <!--  __________________
      -->
    <gairdner cultivar="yes">
      <derived_from>base_cultivar</derived_from>
      <potential_grain_filling_rate>0.0033</potential_grain_filling_rate>
      <tt_start_grain_fill units="oCd">545</tt_start_grain_fill>
      <tt_end_grain_fill units="oCd">35</tt_end_grain_fill>
      <tt_floral_initiation>280.0</tt_floral_initiation>
      <vern_sens>1.00</vern_sens>
      <photop_sens>3.50</photop_sens>
    </gairdner>
    <SYRattler cultivar="yes">
      <derived_from>gairdner</derived_from>
    </SYRattler>   
    <Vlaming  cultivar="yes">
      <derived_from>gairdner</derived_from>
    </Vlaming >     
    <Grange  cultivar="yes">
      <derived_from>gairdner</derived_from>
    </Grange>      
   <gairdner_TAS cultivar="yes">
      <derived_from>base_cultivar</derived_from>
      <potential_grain_filling_rate>0.0033</potential_grain_filling_rate>
      <tt_floral_initiation>280.0</tt_floral_initiation>
      <vern_sens>1.5</vern_sens>
      <photop_sens>4.05</photop_sens>
      
      <!--
      tt_flowering = 120.0
      startgf_to_mat = 650
      tt_end_grain_fill = (0.05 * (tt_flowering + startgf_to_mat))
                        = 38.5
      tt_start_grain_fill = startgf_to_mat - tt_end_grain_fill
                          = 611.5
      -->
      <tt_start_grain_fill units="oCd">611.5</tt_start_grain_fill>
      <tt_end_grain_fill units="oCd">38.5</tt_end_grain_fill>   
   </gairdner_TAS>       
    <barque cultivar="yes">
      <derived_from>base_cultivar</derived_from>
      <potential_grain_filling_rate>0.0031</potential_grain_filling_rate>
      <tt_start_grain_fill units="oCd">522.5</tt_start_grain_fill>
      <tt_end_grain_fill units="oCd">27.5</tt_end_grain_fill>
      <tt_floral_initiation>230.0</tt_floral_initiation>
      <vern_sens>1.00</vern_sens>
      <photop_sens>3.30</photop_sens>
    </barque>
    <capstan cultivar="yes">
      <derived_from>base_cultivar</derived_from>
      <potential_grain_filling_rate>0.0031</potential_grain_filling_rate>
      <tt_start_grain_fill units="oCd">580</tt_start_grain_fill>
      <tt_end_grain_fill units="oCd">40</tt_end_grain_fill>
      <tt_floral_initiation>280.0</tt_floral_initiation>
      <vern_sens>1.00</vern_sens>
      <photop_sens>3.50</photop_sens>
    </capstan>
    <fitzory>
      <derived_from>capstan</derived_from>
    </fitzory>
    <Fairview>
      <derived_from>capstan</derived_from>
    </Fairview>
    <Flinders>
      <derived_from>capstan</derived_from>
    </Flinders>
    <GrangeR>
      <derived_from>capstan</derived_from>
    </GrangeR>    
    <Navigator>
      <derived_from>capstan</derived_from>
    </Navigator>
    <Oxford>
      <derived_from>capstan</derived_from>
    </Oxford> 
    <Wimmera>
      <derived_from>capstan</derived_from>
    </Wimmera>     
    <commander cultivar="yes">
      <derived_from>base_cultivar</derived_from>
      <potential_grain_filling_rate>0.0033</potential_grain_filling_rate>
      <tt_floral_initiation>230.0</tt_floral_initiation>
      <tt_start_grain_fill units="oCd">550.0</tt_start_grain_fill>
      <tt_end_grain_fill units="oCd">26.5</tt_end_grain_fill>
      <vern_sens>1.00</vern_sens>
      <photop_sens>3.50</photop_sens>
   </commander>    
    <!--  __________________
      -->
    <maritime cultivar="yes">
      <derived_from>base_cultivar</derived_from>
      <potential_grain_filling_rate>0.0033</potential_grain_filling_rate>
      <tt_start_grain_fill units="oCd">503.5</tt_start_grain_fill>
      <tt_end_grain_fill units="oCd">26.5</tt_end_grain_fill>
      <tt_floral_initiation>230.0</tt_floral_initiation>
      <vern_sens>1.00</vern_sens>
      <photop_sens>3.30</photop_sens>
    </maritime>    
    <LaTrobe cultivar="yes">
      <derived_from>maritime</derived_from>
    </LaTrobe>
    <!--  __________________
      -->
    <baudin cultivar="yes">
      <derived_from>base_cultivar</derived_from>
      <potential_grain_filling_rate>0.0033</potential_grain_filling_rate>
      <tt_start_grain_fill units="oCd">522.5</tt_start_grain_fill>
      <tt_end_grain_fill units="oCd">27.5</tt_end_grain_fill>
      <tt_floral_initiation>255.0</tt_floral_initiation>
      <vern_sens>1.00</vern_sens>
      <photop_sens>3.50</photop_sens>
    </baudin>
    <!--  __________________
      -->
    <vb0021 cultivar="yes">
      <derived_from>base_cultivar</derived_from>
      <potential_grain_filling_rate>0.0033</potential_grain_filling_rate>
      <tt_start_grain_fill units="oCd">503.5</tt_start_grain_fill>
      <tt_end_grain_fill units="oCd">26.5</tt_end_grain_fill>
      <tt_floral_initiation>280.0</tt_floral_initiation>
      <vern_sens>1.00</vern_sens>
      <photop_sens>3.50</photop_sens>
    </vb0021>
    <!--  __________________
      -->
    <keel cultivar="yes">
      <derived_from>base_cultivar</derived_from>
      <potential_grain_filling_rate>0.0035</potential_grain_filling_rate>
      <tt_start_grain_fill units="oCd">475</tt_start_grain_fill>
      <tt_end_grain_fill units="oCd">25</tt_end_grain_fill>
      <tt_floral_initiation>230.0</tt_floral_initiation>
      <vern_sens>1.00</vern_sens>
      <photop_sens>2.90</photop_sens>
    </keel>
    <Fathom cultivar="yes">
       <derived_from>keel</derived_from>
    </Fathom>
    <!--  __________________
      -->
    <hamelin cultivar="yes">
      <derived_from>base_cultivar</derived_from>
      <potential_grain_filling_rate>0.0031</potential_grain_filling_rate>
      <tt_start_grain_fill units="oCd">503.5</tt_start_grain_fill>
      <tt_end_grain_fill units="oCd">26.5</tt_end_grain_fill>
      <tt_floral_initiation>230.0</tt_floral_initiation>
      <vern_sens>1.00</vern_sens>
      <photop_sens>2.90</photop_sens>
    </hamelin>
    <hindmarsh cultivar="yes">
      <derived_from>base_cultivar</derived_from>
      <potential_grain_filling_rate>0.0031</potential_grain_filling_rate>
      <tt_start_grain_fill units="oCd">522.5</tt_start_grain_fill>
      <tt_end_grain_fill units="oCd">27.5</tt_end_grain_fill>
      <tt_floral_initiation>230.0</tt_floral_initiation>
      <vern_sens>1.00</vern_sens>
      <photop_sens>3.30</photop_sens>
    </hindmarsh>
    <Skipper cultivar="yes">
       <derived_from>hindmarsh</derived_from>
    </Skipper>
    <LaTrobe cultivar="yes">
       <derived_from>hindmarsh</derived_from>
    </LaTrobe> 
    <yagen cultivar="yes">
      <derived_from>base_cultivar</derived_from>
      <potential_grain_filling_rate>0.0033</potential_grain_filling_rate>
      <tt_start_grain_fill units="oCd">475</tt_start_grain_fill>
      <tt_end_grain_fill units="oCd">25</tt_end_grain_fill>
      <tt_floral_initiation>230.0</tt_floral_initiation>
      <vern_sens>1.00</vern_sens>
      <photop_sens>2.90</photop_sens>
    </yagen>
    <!--_____________   New Zealand Cultivars   ____________-->
    <NewZealand_base_cultivar cultivar="yes">
      <derived_from>base_cultivar</derived_from>
      <grains_per_gram_stem>35</grains_per_gram_stem>
      <potential_grain_filling_rate description="grain growth rate during grainfill">0.004  </potential_grain_filling_rate>
      <!-- Used same as DASH -->
      <vern_sens>0</vern_sens>
      <photop_sens>4</photop_sens>
      <y_height units="mm" description="plant canopy height">50  1500</y_height>
      <!-- made zero stem height 50 to get micromet to work -->
      <max_grain_size description="set to high value to remove effect">0.1 </max_grain_size>
      <root_depth_rate units="mm/d">0      5.0  20    20    20    20    20      0.0   0.0   0.0    0</root_depth_rate>
      <!-- RaIN shelter ESTIMATE rfz heb  -->
    </NewZealand_base_cultivar>
    <!-- Dash varitey description is based on sowing data trial validation HEB June 2009-->
    <Dash cultivar="yes">
      <derived_from>NewZealand_base_cultivar</derived_from>
      <vern_sens>0</vern_sens>  !Used same as DASH, CPT data shows very little difference between barley cultivars
      <photop_sens>4</photop_sens>  !Used same as DASH, CPT data shows very little difference between barley cultivars
	  <tt_floral_initiation>260.0</tt_floral_initiation> !Used same as DASH, CPT data shows very little difference between barley cultivars
       </Dash>
    <!-- Cask variety description is based on MTT trial data  HEB Oct 2009-->
    <Cask cultivar="yes">
      <derived_from>NewZealand_base_cultivar</derived_from>
      <vern_sens>0</vern_sens>
      <!-- Used same as DASH, CPT data shows very little difference between barley cultivars -->
      <photop_sens>4</photop_sens>
      <!-- Used same as DASH, CPT data shows very little difference between barley cultivars -->
      <tt_floral_initiation>260.0</tt_floral_initiation>
      <!-- Used same as DASH, CPT data shows very little difference between barley cultivars -->
    </Cask>

<!-- Excel variety description is a copy of cask ED 3may11-->
   <Excel cultivar="yes">
      <derived_from>NewZealand_base_cultivar</derived_from>
      <vern_sens>0</vern_sens>  !Used same as DASH, CPT data shows very little difference between barley cultivars
      <photop_sens>4</photop_sens>  !Used same as DASH, CPT data shows very little difference between barley cultivars
	  <tt_floral_initiation>260.0</tt_floral_initiation> !Used same as DASH, CPT data shows very little difference between barley cultivars
   </Excel>
<!-- Valetta variety description is a copy of cask ED 3may11-->
   <Valetta cultivar="yes">
      <derived_from>NewZealand_base_cultivar</derived_from>
      <vern_sens>0</vern_sens>  !Used same as DASH, CPT data shows very little difference between barley cultivars
      <photop_sens>4</photop_sens>  !Used same as DASH, CPT data shows very little difference between barley cultivars
	  <x_stage_no_partition>1      2    3     4    4.9       5     5.4   6       6.9    7      8     9    10     11</x_stage_no_partition>
	  <x_node_no_app>0    20</x_node_no_app>
      <y_node_app_rate>75   75</y_node_app_rate>
      <x_node_no_leaf>0    2.5    10</x_node_no_leaf>
      <y_leaves_per_node>1    1    10</y_leaves_per_node>
	  <x_node_no>1     5    8    10</x_node_no>
      <y_leaf_size>1400 3700 4800 5600</y_leaf_size>
	  <x_lai>0     5</x_lai>
      <y_sla_max description="maximum specific leaf area for delta LAI">30000   25000       </y_sla_max>
      <sla_min description="minimum specific leaf area for delta LAI">18000            </sla_min>
	  <tt_end_of_juvenile units="oCd">400.0</tt_end_of_juvenile>
     <tt_floral_initiation>260.0</tt_floral_initiation> !Used same as DASH, CPT data shows very little difference between barley cultivars
      <tt_flowering units="oCd">120.0</tt_flowering>
	  <root_depth_rate units="mm/d">0      5.0  33    33    33    33    33      0.0   0.0   0.0    0</root_depth_rate>
   </Valetta>
 <!-- Triumph variety description is a copy of cask ED 3may11-->
   <Triumph cultivar="yes">
      <derived_from>NewZealand_base_cultivar</derived_from>
      <vern_sens>0</vern_sens>  !Used same as DASH, CPT data shows very little difference between barley cultivars
      <photop_sens>4</photop_sens>  !Used same as DASH, CPT data shows very little difference between barley cultivars
	  <tt_end_of_juvenile units="oCd">550.0</tt_end_of_juvenile>
      <tt_flowering units="oCd">200.0</tt_flowering>
	  <tt_floral_initiation>200.0</tt_floral_initiation> !Used same as DASH, CPT data shows very little difference between barley cultivars
	  <x_stage_no_partition>1      2    3     4    4.9       5     5.8   6       6.9    7      8     9    10     11</x_stage_no_partition>
	  <y_frac_leaf units="0-1" description="fraction of remaining dm allocated to leaves">0      0    0.6   0.4  0.6       0.6  0.0   0.0     0.0    0      0     0     0      0</y_frac_leaf>
	  <root_depth_rate units="mm/d">0      5.0  23    23    23    23    23      0.0   0.0   0.0    0</root_depth_rate>
   </Triumph> 
  </Model>
</Type>