<Type name="fieldpea">
  <MetaData>
    <UItype>CSUserInterface.EmptyUI</UItype>
    <IsCrop>Yes</IsCrop>
    <ShowInMainTree>Yes</ShowInMainTree>
    <Image>%apsim%\UserInterface\Images\fieldpea.jpg</Image>
    <Description>Most APSIM crop or plant modules do not require extra user input.  Crop specific parameters are either provided for your chosen soil, or are captured as part of the standard model validation process.</Description>
    <Documentation>%apsim%\Documentation\4 Module Reference\FieldPea.htm</Documentation>
    <Documentation name="Generic plant documentation">%apsim%\Documentation\4 Module Reference\Plant.htm</Documentation>
    <LargeIcon>%apsim%\UserInterface\Images\butterflypea32.png</LargeIcon>
    <SmallIcon>%apsim%\UserInterface\Images\butterflypea16.png</SmallIcon>
    <dll>%apsim%/Model/Plant.%dllext%</dll>
    <drops>
      <drop>toolbox</drop>
      <drop>area</drop>
      <drop>simulation</drop>
      <drop>folder</drop>
    </drops>
    <ApsimToSim>
      <component name="[FieldPea.name]" executable="[dll]" class="Plant.FieldPea">
        <executable name="[dll]" version="1.0" />
        <initdata>
               [Model]
               <ll>[soil.[InstanceName] ll]</ll><kl>[soil.[InstanceName] kl]</kl><xf>[soil.[InstanceName] xf]</xf></initdata>
      </component>
    </ApsimToSim>
  </MetaData>
  <Model>
    <!--  Last change    MJR 4 May 2004 converted from chickpea.ini v3.4
      Last Change:   JNGH/MJR         26 March 2003 -
      Configuration constants have been altered
      Externalisation of phenology after harvest -
      When the crop is harvested, phenology is wound back to a previous stage.
      This has been externalised in a table in the ini file.
      The table used is defined by two keywords -  stage_code and stage_stem_reduction_harvest.
      This allows definition of a new stage to follow harvesting within any phenological stage.
      New Kill_stem manager action for severe frosting of perennials -
      A new kill_stem manager action e.g. lucerne kill_stem.
      When this action is used, phenology is wound back using a new table specified in the ini file.
      The keywords are - stage_code and stage_stem_reduction_kill_stem.
      On this action, the regrowth class is read from the ini file, as for a harvest action.
      Interpolation of rue against phenological stage -
      Rue is now interpolated from a table read from the ini file.
      The table is specified by the two keywords - x_stage_code_rue and  y_rue where y_rue is the rue
      at the corresponding stage in x_stage_code_rue. The previous rue keyword is now obsolete.
      A new optional cultivar parameter eo_crop_factor has been implemented. This is used to limit the
      soilwater demand by the transpiration efficiency method. The limit is calculated as
      eo_crop_factor * eo * cover_green. A default (eo_crop_factor_default) is read from the ini file and
      is currently to 100 so it is effectively turned off for backwards compatibility.
      Unused configuration constants removed -
      X_temp_grain
      Y_grain_rate
      Leaf_app_rate1
      Leaf_app_rate2
      Leaf_no_rate_change
      Last change:  MJR    12 Dec 2000
      ***********************************************************************************************************
      CONSTANTS  - SPECIES-SPECIFIC PARAMETERS
      ***********************************************************************************************************
      -->
    <options>
      <Environment />
      <Population />
      <Fixation />
      <Phenology />
      <Root />
      <GenericArbitrator />
      <GenericLeaf name="leaf" />
      <Stem />
      <CompositePart name="Pod">
        <FruitCohort name="Cohort1">
          <FruitPodPart name="Pod" />
          <FruitGrainPartHI name="Grain" />
        </FruitCohort>
      </CompositePart>
      <Parts name="Tops">
        <Leaf />
        <Stem />
        <Pod />
      </Parts>
      <Parts name="Grain1">
        <Pod.Cohort1.Grain />
      </Parts>
    </options>
    <RadiationPartitioningOrder>pod leaf</RadiationPartitioningOrder>
    <crop_type>fieldpea</crop_type>
    <default_crop_class>plant</default_crop_class>
    <default_cultivar>parvie</default_cultivar>
    <stress_determinants>leaf stem meal</stress_determinants>
    <yield_parts>meal</yield_parts>
    <retrans_parts>leaf stem</retrans_parts>
    <!-- %%%%%%%%%%%%%%%%%%%%%%%%%%%%%%%%%%%%%%%%%%%%%%%%%%%%%%%%%%%%%%%%%%%%%%%%%%%%%%%%%%%%%%%%%%%%%%%%%%%%%%%%%%%
      SECTION - VALUE LIMITS - MAX AND MINS
      %%%%%%%%%%%%%%%%%%%%%%%%%%%%%%%%%%%%%%%%%%%%%%%%%%%%%%%%%%%%%%%%%%%%%%%%%%%%%%%%%%%%%%%%%%%%%%%%%%%%%%%%%%%
      ______________________________________________________________________________
      OTHER VARIABLES
      limits set to check inputs
      -->
    <sw_ub>1.0</sw_ub>
    <sw_lb>0.0</sw_lb>
    <year_ub description="year upper limit">2000</year_ub>
    <year_lb description="year lower limit">1800</year_lb>
    <latitude_ub units="oL" description="latitude upper limit">90</latitude_ub>
    <latitude_lb units="oL" description="latitude lower limit">-90</latitude_lb>
    <maxt_ub units="oC" description="max. temperature upper limit">55</maxt_ub>
    <maxt_lb units="oC" description="max. temperature lower limit">0</maxt_lb>
    <mint_ub units="oC" description="min. temperature upper limit">40</mint_ub>
    <mint_lb units="oC" description="min. temperature lower limit">-10</mint_lb>
    <radn_ub units="MJ/m^2" description="radiation upper limit">50</radn_ub>
    <radn_lb units="MJ/m^2" description="radiation lower limit">1</radn_lb>
    <dlayer_ub units="mm" description="layer depth upper limit">1000</dlayer_ub>
    <dlayer_lb units="mm" description="layer depth lower limit">0</dlayer_lb>
    <dul_dep_ub units="mm" description="drained upper limit upper limit">1000</dul_dep_ub>
    <dul_dep_lb units="mm" description="drained upper limit lower limit">0</dul_dep_lb>
    <sw_dep_ub units="mm" description="soil water upper limit">1000</sw_dep_ub>
    <sw_dep_lb units="mm" description="soil water lower limit">0</sw_dep_lb>
    <no3_ub units="kg/ha" description="soil nitrate upper limit">10000</no3_ub>
    <no3_lb units="kg/ha" description="soil nitrate lower limit">0</no3_lb>
    <no3_min_ub units="kg/ha" description="min. soil nitrate upper limit">10000</no3_min_ub>
    <no3_min_lb units="kg/ha" description="min. soil nitrate lower limit">0</no3_min_lb>
    <nh4_ub units="kg/ha" description="soil ammonium upper limit">10000</nh4_ub>
    <nh4_lb units="kg/ha" description="soil ammonium lower limit">0</nh4_lb>
    <nh4_min_ub units="kg/ha" description="min. soil ammonium upper limit">10000</nh4_min_ub>
    <nh4_min_lb units="kg/ha" description="min. soil ammonium lower limit">0</nh4_min_lb>
    <!-- %%%%%%%%%%%%%%%%%%%%%%%%%%%%%%%%%%%%%%%%%%%%%%%%%%%%%%%%%%%%%%%%%%%%%%%%%%%%%%%%%%%%%%%%%%%%%%%%%%%%%%%%%%%
      SECTION 1 - CROP PHENOLOGY: Stage and Phase names
      %%%%%%%%%%%%%%%%%%%%%%%%%%%%%%%%%%%%%%%%%%%%%%%%%%%%%%%%%%%%%%%%%%%%%%%%%%%%%%%%%%%%%%%%%%%%%%%%%%%%%%%%%%%
      -->
    <stage_code_list>1         2          3         4                5               6           7               8             9            10       12</stage_code_list>
    <phase_names>sowing germination emergence end_of_juvenile floral_initiation flowering start_grain_fill end_grain_fill maturity harvest_ripe end_crop</phase_names>
    <phase_type>sowing    emergent   inductive     photo            photo         photo        photo           fixed       fixed      fixed      waiting</phase_type>
    <composite_phases>under_ground above_ground grainfill reproductive leaf_senescence vernalisation  emergence2floral_initiation preflowering node_formation start_grain_fill2harvest_ripe hi_stress_sensitive stress_reporting  n_stress</composite_phases>
    <under_ground>sowing germination</under_ground>
    <above_ground>emergence end_of_juvenile floral_initiation flowering start_grain_fill end_grain_fill maturity harvest_ripe</above_ground>
    <leaf_senescence>flowering start_grain_fill end_grain_fill maturity harvest_ripe</leaf_senescence>
    <reproductive>flowering start_grain_fill end_grain_fill</reproductive>
    <grainfill>start_grain_fill end_grain_fill</grainfill>
    <vernalisation>germination emergence end_of_juvenile</vernalisation>
    <emergence2floral_initiation>emergence end_of_juvenile floral_initiation</emergence2floral_initiation>
    <start_grain_fill2harvest_ripe>start_grain_fill end_grain_fill maturity</start_grain_fill2harvest_ripe>
    <preflowering>emergence end_of_juvenile floral_initiation</preflowering>
    <node_formation>emergence end_of_juvenile floral_initiation flowering start_grain_fill end_grain_fill</node_formation>
    <hi_stress_sensitive>flowering</hi_stress_sensitive>
    <stress_reporting>end_of_juvenile floral_initiation flowering start_grain_fill end_grain_fill</stress_reporting>
    <n_stress>emergence end_of_juvenile floral_initiation flowering start_grain_fill end_grain_fill maturity harvest_ripe</n_stress>
    <plant class="yes">
      <class_action>harvest</class_action>
      <class_change>unchanged</class_change>
      <partition_option>1</partition_option>
      <partitionparts>root  pod    leaf stem</partitionparts>
      <partitionrules>magic demand frac remainder</partitionrules>
      <n_uptake_option>1</n_uptake_option>
      <leaf_no_pot_option>1</leaf_no_pot_option>
      <n_retrans_option>1</n_retrans_option>
      <dm_senescence_option>1</dm_senescence_option>
      <n_senescence_option>1</n_senescence_option>
      <n_stress_option>1</n_stress_option>
      <fruit_no_option>1</fruit_no_option>
      <parasite_option>1</parasite_option>
      <!-- %%%%%%%%%%%%%%%%%%%%%%%%%%%%%%%%%%%%%%%%%%%%%%%%%%%%%%%%%%%%%%%%%%%%%%%%%%%%%%%%%%%%%%%%%%%%%%%%%%%%%%%%%%%
         SECTION 0 - CO2
         %%%%%%%%%%%%%%%%%%%%%%%%%%%%%%%%%%%%%%%%%%%%%%%%%%%%%%%%%%%%%%%%%%%%%%%%%%%%%%%%%%%%%%%%%%%%%%%%%%%%%%%%%%%
         -->
      <co2_default units="ppm">350</co2_default>
      <photosynthetic_pathway units="C3, or C4">C3</photosynthetic_pathway>
      <!-- %%%%%%%%%%%%%%%%%%%%%%%%%%%%%%%%%%%%%%%%%%%%%%%%%%%%%%%%%%%%%%%%%%%%%%%%%%%%%%%%%%%%%%%%%%%%%%%%%%%%%%%%%%%
         SECTION 1 - CROP PHENOLOGY
         %%%%%%%%%%%%%%%%%%%%%%%%%%%%%%%%%%%%%%%%%%%%%%%%%%%%%%%%%%%%%%%%%%%%%%%%%%%%%%%%%%%%%%%%%%%%%%%%%%%%%%%%%%%
         __________________________________________________________________________________________________________-
         STEM REDUCTION EFFECT ON PHENOLOGY
         sow    ger   eme  juv    fi    fl   st_gf end_gf  mat hv_rpe  end
         -->
      <stage_code_list description="numeric code for phenological stages">1      2    3     4     5     6     7      8     9    10     11</stage_code_list>
      <stage_stem_reduction_harvest>1      2    3     3     4     4    11     11    11    11    11</stage_stem_reduction_harvest>
      <stage_stem_reduction_kill_stem>1      2    3     3     4     4    11     11    11    11    11</stage_stem_reduction_kill_stem>
      <!-- __________________________________________________________________________________________________________-
         SEED GERMINATION
         Water stress factor for germination
         -->
      <pesw_germ units="mm/mm" description="plant extractable soil water in seedling layer inadequate for germination (mm/mm)">0.00</pesw_germ>
      <!-- __________________________________________________________________________________________________________-
         EMERGENCE
         -->
      <shoot_lag units="oCd" description="Time lag before linear coleoptile growth starts (deg days)">15.0</shoot_lag>
      <shoot_rate units="oCd/mm" description="Growing deg day increase with depth for coleoptile (deg day/mm depth)">4.0</shoot_rate>
      <!-- Water stress factor for emergence
         -->
      <fasw_emerg description="Fraction of available soil water">0.0  1.0    </fasw_emerg>
      <rel_emerg_rate description="Stress factor for thermal time calculation between germination and emergence">1.0  1.0    </rel_emerg_rate>
      <!-- __________________________________________________________________________________________________________-
         PHOTOPERIOD AND TWILIGHT
         -->
      <twilight units="o" description="Twilight is defined as the interval between sunrise or sunset and the time when the true">-6.0</twilight>
      <!--  centre of the sun is 2.2 degrees below the horizon. Sunrise or sunset is defined as when
         the true centre of the sun is 50' below the horizon.
         __________________________________________________________________________________________________________-
         Vernalisation
         -->
      <x_vernal_temp>0 2  8  15</x_vernal_temp>
      <y_vernal_days>1 1  1    1</y_vernal_days>
      <!-- __________________________________________________________________________________________________________-
         THERMAL TIME CALCULATION
         Thermal time calculation
         -->
      <x_temp units="oC" description="temperature table for thermal time">3.0  28.0  40.0</x_temp>
      <y_tt units="oCd" description="thermal time">0.0  25.0  0.0</y_tt>
<!--      <x_removeBiomPheno description="fraction of above ground biomass removed">0.0  0.1   0.4  0.5  1.0</x_removeBiomPheno> -->
<!--      <y_removeFractPheno description="fraction of above ground thermal time removed">0.0  0.08  0.4  0.5  1.0</y_removeFractPheno> -->
<!--      Using the AusFarm Translator component which considers the phenology during removal -->
      <x_removeBiomPheno description="fraction of above ground biomass removed">0.0  1.0</x_removeBiomPheno>
      <y_removeFractPheno description="fraction of above ground thermal time removed">0.0  0.0</y_removeFractPheno>

      <!-- __________________________________________________________________________________________________________-
         LEAF NUMBER DEVELOPMENT
         currently leaf number at emergence will affect LAI at early stage, leaf_no_seed has no effect on the model, but will have in future
         -->
      <leaf_no_at_emerg description="(expanded) leaf number at emergence ()">1.0     </leaf_no_at_emerg>
      <x_node_no_app>0   20</x_node_no_app>
      <y_node_app_rate>40  40</y_node_app_rate>
      <x_node_no_leaf>0    4   7</x_node_no_leaf>
      <y_leaves_per_node>1    2.5 1.5</y_leaves_per_node>
      <x_lai_ratio description="ratio table for critical leaf size below which leaf number is reduced ()">0.0  0.8 1.0</x_lai_ratio>
      <y_leaf_no_frac description="reduction in leaf appearance ()">1.0  1.0 1.0</y_leaf_no_frac>
      <!-- %%%%%%%%%%%%%%%%%%%%%%%%%%%%%%%%%%%%%%%%%%%%%%%%%%%%%%%%%%%%%%%%%%%%%%%%%%%%%%%%%%%%%%%%%%%%%%%%%%%%%%%%%%%
         SECTION 2 - PHOTOSYNTHESIS, BIOMASS GROWTH AND PARTITION
         %%%%%%%%%%%%%%%%%%%%%%%%%%%%%%%%%%%%%%%%%%%%%%%%%%%%%%%%%%%%%%%%%%%%%%%%%%%%%%%%%%%%%%%%%%%%%%%%%%%%%%%%%%%
         %%%%%%%%%%%%%%%%%%%%%%%%%%%%%%%%%%%%%%%%%%%%%%%%%
         PHOTOSYNTHESIS AND RADIATION USE EFFICIENCY (RUE)
         %%%%%%%%%%%%%%%%%%%%%%%%%%%%%%%%%%%%%%%%%%%%%%%%%
         STAGE DEPENDENT RUE
         sow    ger   eme  juv    fi    fl   st_gf end_gf  mat hv_rpe  end
         -->
      <stage_code>1      2    3     4     5     6     7      8     9    10     11</stage_code>
      <x_stage_rue description="numeric code for phenological stages">1      2    3     4     5     6     7      8     9      10    11</x_stage_rue>
      <y_rue units="g/MJ">0      0    1.10  1.10  1.10  1.10  1.10   1.10  1.10  1.10   0</y_rue>
      <!-- __________________________________________________________________________________________________________-
         EXTINCTION COEFFICIENT
         ROW SPACING DETERMINED
         -->
      <skiprow_default>0</skiprow_default>
      <row_spacing_default units="mm">350</row_spacing_default>
      <x_row_spacing>200  350  1000</x_row_spacing>
      <y_extinct_coef>0.70 0.55 0.45</y_extinct_coef>
      <y_extinct_coef_dead>0.30 0.30 0.30</y_extinct_coef_dead>
      <extinct_coef_pod>0.0</extinct_coef_pod>
      <spec_pod_area units="mm^2/g">0.0</spec_pod_area>
      <rue_pod units="g/MJ">0.0</rue_pod>
      <!-- __________________________________________________________________________________________________________-
         TEMPERATURE RESPONSE OF PHOTOSYNTHESIS - RUE
         -->
      <x_ave_temp units="oC" description="mean daily temperature">0.0  15.0  30.0  40.0</x_ave_temp>
      <y_stress_photo units="0-1" description="multiplier on RUE">0.0   1.0   1.0   0.0</y_stress_photo>
      <!-- %%%%%%%%%%%%%%%%%%%%%%%%%%%%%%%%%%%%%%%%%%%%%%%%%
         BIOMASS INITIATION, PARTITION AND TRANSLOCATION
         %%%%%%%%%%%%%%%%%%%%%%%%%%%%%%%%%%%%%%%%%%%%%%%%%
         INITIATION
         -->
      <root_dm_init units="g/plant" description="part weight at emergence">0.2</root_dm_init>
      <leaf_dm_init>0.2</leaf_dm_init>
      <stem_dm_init>0.0</stem_dm_init>
      <pod_dm_init>0.0</pod_dm_init>
      <meal_dm_init>0.0</meal_dm_init>
      <oil_dm_init>0.0</oil_dm_init>
      <!-- __________________________________________________________________________________________________________-
         TRANSLOCATION PARTS
         -->
      <stemGrowthStructuralFractionStage>  7 7.01</stemGrowthStructuralFractionStage>
      <stemGrowthStructuralFraction>  .80 0.0</stemGrowthStructuralFraction>
      <leafGrowthStructuralFractionStage>  7 7.01</leafGrowthStructuralFractionStage>
      <leafGrowthStructuralFraction>  .70 0.0</leafGrowthStructuralFraction>
      <podGrowthStructuralFractionStage>  7 9</podGrowthStructuralFractionStage>
      <podGrowthStructuralFraction>  0.7 0.7</podGrowthStructuralFraction>
      <!-- __________________________________________________________________________________________________________-
         BIOMASS PARTITIONING
         sow    ger   eme  juv    fi    fl    st_gf end_gf  mat hv_rpe  end
         stage_code           = 1      2    3     4     5     6      7      8     9    10     11   ()
         -->
      <ratio_root_shoot units="0-1">0      0    1.0   1.0   1.00  0.33   0.087  0     0     0      0</ratio_root_shoot>
      <frac_leaf units="0-1" description="fraction of remaining dm allocated to leaves">0      0    0.40  0.40  0.40  0.43   0.40   0     0     0      0</frac_leaf>
      <frac_pod units="0-1" description="fraction of dm allocated to pod or multiplier of grain dm to account for pod dm">0      0    0     0     0     0.06   0.275  0.4   0     0      0</frac_pod>
      <!-- __________________________________________________________________________________________________________-
         GRAIN NUMBER DETERMINATION
         __________________________________________________________________________________________________________-
         GRAIN FILLING
         -->
      <sw_fac_max description="soil water stress factor maximum">1.125</sw_fac_max>
      <temp_fac_min description="temperature stress factor minimum">0.69</temp_fac_min>
      <sfac_slope description="soil water stress factor slope">-0.125</sfac_slope>
      <tfac_slope description="temperature stress factor slope">0.0125</tfac_slope>
      <carbo_oil_conv_ratio description="Carbohydrate:oil conversion ratio (&gt;= 1.0)">1.0                 </carbo_oil_conv_ratio>
      <grain_oil_conc description="fractional oil content of grain (0-1)">0.0                 </grain_oil_conc>
      <!-- __________________________________________________________________________________________________________-
         GRAIN WATER CONTENT
         -->
      <grn_water_cont units="g/g" description="water content of grain g/g">0.12</grn_water_cont>
      <!-- %%%%%%%%%%%%%%%%%%%%%%%%%%%%%%%%%%%%%%%%%%%%%%%%%%%%%%%%%%%%%%%%%%%%%%%%%%%%%%%%%%%%%%%%%%%%%%%%%%%%%%%%%%%
         SECTION 3 - LEAF/STEM/POD AREA GROWTH
         %%%%%%%%%%%%%%%%%%%%%%%%%%%%%%%%%%%%%%%%%%%%%%%%%%%%%%%%%%%%%%%%%%%%%%%%%%%%%%%%%%%%%%%%%%%%%%%%%%%%%%%%%%%
         ______________________________________________________________________________
         LEAF SIZE AS A FUNCTION OF LEAF NUMBER
         -->
      <node_no_correction>1.2</node_no_correction>
      <x_node_no>1   3     5    7   10    15   30</x_node_no>
      <y_leaf_size units="mm^2">1500 4000 5500 7000 7000 7000 7000</y_leaf_size>
      <!-- ______________________________________________________________________________
         SPECIFIC LEAF AREA - SLA
         -->
      <x_lai>0     4</x_lai>
      <y_sla_max description="maximum specific leaf area for delta LAI">30000 30000           </y_sla_max>
      <sla_min description="minimum specific leaf area for delta LAI">20000           </sla_min>
      <!-- ______________________________________________________________________________
         TPLA  - USED TO INTIALISE THE INITIAL LAI
         -->
      <initial_tpla units="mm^2/plant" description="initial total plant leaf area">1000.0</initial_tpla>
      <!-- ______________________________________________________________________________
         HARVESTING EFFECTS ON LEAF AREA
         -->
      <fr_height_cut>0.0  0.1    1</fr_height_cut>
      <fr_stem_remain>0.0  0.2    1</fr_stem_remain>
      <!-- %%%%%%%%%%%%%%%%%%%%%%%%%%%%%%%%%%%%%%%%%%%%%%%%%%%%%%%%%%%%%%%%%%%%%%%%%%%%%%%%%%%%%%%%%%%%%%%%%%%%%%%%%%%
         SECTION 4 - ROOT DEPTH AND ROOT LENGTH GROWTH
         %%%%%%%%%%%%%%%%%%%%%%%%%%%%%%%%%%%%%%%%%%%%%%%%%%%%%%%%%%%%%%%%%%%%%%%%%%%%%%%%%%%%%%%%%%%%%%%%%%%%%%%%%%%
         __________________________________________________________________________________________________________-
         ROOTING DEPTH
         sow    ger   eme  juv    fi    fl   st_gf end_gf  mat hv_rpe  end
         stage_code           = 1      2    3     4     5     6     7      8     9    10     11  ()
         -->
      <root_depth_rate units="mm/d">0      0   17.0  17.0  17.0  17.0  17.0   17.0  17.0 17.0    0</root_depth_rate>
      <!-- Effect of sw_supply_demand_ratio on root depth increase
         -->
      <x_ws_root description="sw_supply_demand_ratio">0   1   </x_ws_root>
      <y_ws_root_fac description="effect of supply_demand_ratio on root depth increase">1   1   </y_ws_root_fac>
      <!-- x_sw_ratio = [sw_dep(lay)-ll_dep(lay)]/[dul_dep(lay)-ll_dep(lay)] in the deepest root layer
         -->
      <x_sw_ratio description="water availability for effects on root depth growth">0.0 0.25</x_sw_ratio>
      <y_sw_fac_root description="stress factor for root depth growth, This may be probably the same for all crops">0   1</y_sw_fac_root>
      <!-- __________________________________________________________________________________________________________-
         TEMPERATURE EFFECT ON ROOT ADVANCE
         -->
      <x_temp_root_advance>0 20 32</x_temp_root_advance>
      <y_rel_root_advance>0 1  0</y_rel_root_advance>
      <!-- __________________________________________________________________________________________________________-
         ROOT LENGTH CALCULATION
         -->
      <initial_root_depth units="mm" description="initial depth of roots (mm)">150</initial_root_depth>
      <specific_root_length units="mm/g">45500</specific_root_length>
      <!-- The following can increase or decrease the root length density in a layer based on the rld per plant
         -->
      <x_plant_rld units="mm/mm3/plant" description="root branching">0   0.0001  0.0003</x_plant_rld>
      <y_rel_root_rate units="0-1">0.02  0.10  1.0</y_rel_root_rate>
      <!-- y_rel_root_rate          = 1.0   1.0   1.0   (0-1)
         %%%%%%%%%%%%%%%%%%%%%%%%%%%%%%%%%%%%%%%%%%%%%%%%%%%%%%%%%%%%%%%%%%%%%%%%%%%%%%%%%%%%%%%%%%%%%%%%%%%%%%%%%%%
         SECTION 5 - WATER RELATIONS AND WATER STRESS FACTORS
         %%%%%%%%%%%%%%%%%%%%%%%%%%%%%%%%%%%%%%%%%%%%%%%%%%%%%%%%%%%%%%%%%%%%%%%%%%%%%%%%%%%%%%%%%%%%%%%%%%%%%%%%%%%
         STAGE DEPENDENT TRANSPIRATION EFFICIENCY COEFFICIENTS
         Transpiration efficiency coefficient to convert vpd to transpiration efficiency (kpa)
         The following transp_eff_cf values are
         in the form kpa/g carbo per m^2 / g water per m^2 (kpa/g carbo per m^2 / mm water) because 1g water = 1 cm^3 water
         sow    ger   eme  juv    fi    fl   st_gf end_gf  mat hv_rpe  end
         stage_code           = 1      2    3     4     5     6     7      8     9     10     11  ()
         -->
      <transp_eff_cf units="Pa">0     0    .005  .005  .005  .005  .005  .005   .0025  .00    0</transp_eff_cf>
      <!-- __________________________________________________________________________________________________________-
         VPD FRACTION
         Fraction of distance between svp at min temp and svp at max temp where average svp during transpiration lies.
         -->
      <svp_fract description="(0-1)">0.75  </svp_fract>
      <eo_crop_factor_default description="default crop factor for limiting soil">100.0  </eo_crop_factor_default>
      <!--  water demand to some fraction/multiple
         of atmospheric potential.
         __________________________________________________________________________________________________________-
         WATER STRESS FACTORS FOR PHOTOSYNTHESIS, EXPANSION AND DEVELOPMENT
         swdef_photo for photosynthesis is calculated in the code as = sw_supply_sum/sw_demand - function crop_swdef_photo
         For expansion growth, more sensitive than other growth processes
         x_sw_demand_ratio = sw_supply_sum/sw_demand
         -->
      <x_sw_demand_ratio description="water availability">0.1 1.1</x_sw_demand_ratio>
      <y_swdef_leaf description="stress indices">0   1</y_swdef_leaf>
      <!-- For phenology stress factor based on available soil water portion
         sw_avail_pot_sum = sum_real_array (sw_avail_pot, deepest_layer),
         sw_avail_sum     = sum_real_array (sw_avail, deepest_layer)
         sw_avail_ratio   = divide (sw_avail_sum, sw_avail_pot_sum, 1.0) !???
         -->
      <x_sw_avail_ratio description="water availability">0.0 0.16</x_sw_avail_ratio>
      <y_swdef_pheno description="stress index for phenology">1.0 1.0</y_swdef_pheno>
      <x_sw_avail_ratio_flowering description="water availability">0.2   0.50  1.0</x_sw_avail_ratio_flowering>
      <y_swdef_pheno_flowering description="stress index for flowering phenology">1.0   1.0    1.0</y_swdef_pheno_flowering>
      <x_sw_avail_ratio_start_grain_fill description="water availability">0.2   0.50   1.0</x_sw_avail_ratio_start_grain_fill>
      <y_swdef_pheno_start_grain_fill description="stress index for grainfilling phenology">1.0   1.0    1.0</y_swdef_pheno_start_grain_fill>
      <!-- __________________________________________________________________________________________________________-
         WATERLOGGING STRESS (OXYGEN DEFICIT) FACTOR FOR PHOTOSYNTHESIS
         -->
      <oxdef_photo_rtfr description="fraction of roots waterlogged for effect on photosynthesis">0.0  0.8   1.0</oxdef_photo_rtfr>
      <oxdef_photo units="0-1" description="stress index on photosynthesis">1.0  1.0   1.0</oxdef_photo>
      <!-- %%%%%%%%%%%%%%%%%%%%%%%%%%%%%%%%%%%%%%%%%%%%%%%%%%%%%%%%%%%%%%%%%%%%%%%%%%%%%%%%%%%%%%%%%%%%%%%%%%%%%%%%%%%
         SECTION 6 -NITROGEN RELATIONS, UPTAKE AND STRESS FACTORS
         %%%%%%%%%%%%%%%%%%%%%%%%%%%%%%%%%%%%%%%%%%%%%%%%%%%%%%%%%%%%%%%%%%%%%%%%%%%%%%%%%%%%%%%%%%%%%%%%%%%%%%%%%%%
         ______________________________________________________________________________
         UPTAKE PREFERENCE AND CONSTANTS
         preference for n supply - it is assumed that mass flow is always predominant, but further crop preference can
         be specified as follows:
         'active'   = diffusive flow before fixation
         'fixation' = fixed N before active uptake.
         -->
      <n_supply_preference>active</n_supply_preference>
      <!-- Time constant for N uptake by diffusion. H van Keulen &  NG Seligman. Purdoe 1987.
         This is the  time it would take to remove, by diffusion, current amount of N if it wasn't depleted between time steps
         -->
      <no3_diffn_const units="days">2.0</no3_diffn_const>
      <!-- ______________________________________________________________________________
         LEGUME N FIXATION RATE - potential rate of N fixation (g N fixed per g above ground biomass)
         sow    ger   eme  juv    fi    fl   st_gf end_gf  mat hv_rpe  end
         stage_code           = 1      2    3     4     5     6     7      8     9    10     11  ()
         -->
      <N_fix_rate units="gN/gDM">0      0    0     .001 0.002 0.002 0.002  0.002 0.002 0.002   0</N_fix_rate>
      <x_sw_avail_fix description="soil water ratio for effect on N fixation">0.0  0.50  0.95  1.0</x_sw_avail_fix>
      <y_swdef_fix units="0-1" description="stress index on N fixation">0.0  1.0   1.0   1.0</y_swdef_fix>
      <!-- ______________________________________________________________________________
         NITROGEN STRESS FACTORS FOR PHOTOSYNTHESIS,LEAF GROWTH AND DEVELOPMENT
         n_conc_ratio      = divide ((N_conc_stover - N_conc_stover_min),(N_conc_stover_crit-N_conc_stover_min),0.0)
         n_conc_ratio_leaf = divide ((N_conc_leaf - N_conc_leaf_min), (N_conc_leaf_crit - N_conc_leaf_min), 0.0)
         g_nfact_photo     = N_fact_photo * N_conc_ratio
         g_n_fact_pheno    = N_fact_pheno * N_conc_ratio
         g_nfact_expansion = N_fact_expansion * n_conc_ratio_leaf
         -->
      <N_fact_photo description="multipler for N deficit effect on photosynthesis">1.25    </N_fact_photo>
      <N_fact_expansion description="multipler for N deficit effect on leaf expansion">100     </N_fact_expansion>
      <N_fact_pheno description="multipler for N deficit effect on phenology">5.75   </N_fact_pheno>
      <N_fact_grain description="multipler for N deficit effect on grain">1   </N_fact_grain>
      <!-- ______________________________________________________________________________
         NITROGEN CONCENTRATION LIMITS: MAX. CRITICAL AND MINIMUM N CONCENTRATIONS
         emerg  juv     flower  st_gf  maturity
         -->
      <x_stage_code description="stage code used in table">3      4       6       7      9</x_stage_code>
      <y_n_conc_min_leaf description="leaf minimum N conc.">0.0200 0.0150  0.0100  0.0100 0.0100</y_n_conc_min_leaf>
      <y_n_conc_crit_leaf description="leaf critical N conc.">0.0600 0.0450  0.0300  0.0180 0.0170</y_n_conc_crit_leaf>
      <y_n_conc_max_leaf description="leaf maximum N conc.">0.0800 0.0600  0.0350  0.0270 0.0250</y_n_conc_max_leaf>
      <y_n_conc_min_stem description="stem minimum N conc.">0.0200 0.0150  0.0100  0.0100 0.0100</y_n_conc_min_stem>
      <y_n_conc_crit_stem description="stem critical N conc.">0.0600 0.0450  0.0300  0.0180 0.0170</y_n_conc_crit_stem>
      <y_n_conc_max_stem description="stem maximum N conc.">0.0800 0.0600  0.0350  0.0270 0.0250</y_n_conc_max_stem>
      <y_n_conc_min_pod description="pod minimum N conc.">0.0200 0.0150  0.0100  0.0100 0.0100</y_n_conc_min_pod>
      <y_n_conc_crit_pod description="pod critical N conc.">0.0600 0.0450  0.0300  0.0180 0.0170</y_n_conc_crit_pod>
      <y_n_conc_max_pod description="pod maximum N conc.">0.0800 0.0600  0.0350  0.0270 0.0250</y_n_conc_max_pod>
      <n_conc_max_grain description="grain critical N conc.">0.036</n_conc_max_grain>
      <n_conc_crit_grain description="grain maximum N conc.">0.037</n_conc_crit_grain>
      <n_conc_min_grain description="grain minimum N conc.">0.020</n_conc_min_grain>
      <n_conc_max_root description="root critical N conc.">0.01500</n_conc_max_root>
      <n_conc_crit_root description="root maximum N conc.">0.01500</n_conc_crit_root>
      <n_conc_min_root description="root minimum N conc.">0.00795</n_conc_min_root>
      <y_n_conc_min_meal>0.0     0.0    0.0    0.036   0.036</y_n_conc_min_meal>
      <y_n_conc_crit_meal>0.0     0.0    0.0    0.037   0.037</y_n_conc_crit_meal>
      <y_n_conc_max_meal>0.0     0.0    0.0    0.020   0.020</y_n_conc_max_meal>
      <y_n_conc_min_oil>0.0     0.0    0.0     0.0      0.0</y_n_conc_min_oil>
      <y_n_conc_crit_oil>0.0     0.0    0.0     0.0      0.0</y_n_conc_crit_oil>
      <y_n_conc_max_oil>0.0     0.0    0.0     0.0      0.0</y_n_conc_max_oil>
      <!-- ______________________________________________________________________________
         INITIAL NITROGEN CONCENTRATION OF ORGANS
         -->
      <root_n_init_conc units="g/g">0.015</root_n_init_conc>
      <leaf_n_init_conc units="g/g">0.060</leaf_n_init_conc>
      <stem_n_init_conc units="g/g">0.060</stem_n_init_conc>
      <pod_n_init_conc>0.0</pod_n_init_conc>
      <meal_n_init_conc>0.0</meal_n_init_conc>
      <oil_n_init_conc>0.0</oil_n_init_conc>
      <!-- ______________________________________________________________________________
         NITROGEN CONCENTRATION IN SENESCENCED ORGANS
         This means that as soon as leaves fall off, all N except for the amount below is
         instantly transferred from leaves to stem
         -->
      <root_n_sen_conc>0.008</root_n_sen_conc>
      <leaf_n_sen_conc>0.015</leaf_n_sen_conc>
      <stem_n_sen_conc>0.0</stem_n_sen_conc>
      <pod_n_sen_conc>0.0</pod_n_sen_conc>
      <meal_n_sen_conc>0.0</meal_n_sen_conc>
      <oil_n_sen_conc>0.0</oil_n_sen_conc>
      <!-- ______________________________________________________________________________
         GRAIN NITROGEN CONCENTRATION
         %%%%%%%%%%%%%%%%%%%%%%%%%%%%%%%%%%%%%%%%%%%%%%%%%%%%%%%%%%%%%%%%%%%%%%%%%%%%%%%%%%%%%%%%%%%%%%%%%%%%%%%%%%%
         SECTION 7 -SENESCENCE AND DETACHMENT
         %%%%%%%%%%%%%%%%%%%%%%%%%%%%%%%%%%%%%%%%%%%%%%%%%%%%%%%%%%%%%%%%%%%%%%%%%%%%%%%%%%%%%%%%%%%%%%%%%%%%%%%%%%%
         ______________________________________________________________________________
         DM SENESCENCE
         -->
      <root_die_back_fr units="0-1" description="fraction of roots lost at harvest">0.1</root_die_back_fr>
      <!--  dm fraction senesced for each fraction of canopy senesced.
         -->
      <x_dm_sen_frac_root description="root">0    1     </x_dm_sen_frac_root>
      <y_dm_sen_frac_root>0.005 0.005</y_dm_sen_frac_root>
      <x_dm_sen_frac_leaf description="leaf">0    1     </x_dm_sen_frac_leaf>
      <y_dm_sen_frac_leaf>0    1</y_dm_sen_frac_leaf>
      <x_dm_sen_frac_stem description="stem">0    1     </x_dm_sen_frac_stem>
      <y_dm_sen_frac_stem>0    0</y_dm_sen_frac_stem>
      <x_dm_sen_frac_pod description="flower">0    1     </x_dm_sen_frac_pod>
      <y_dm_sen_frac_pod>0    0</y_dm_sen_frac_pod>
      <x_dm_sen_frac_meal description="meal">0    1     </x_dm_sen_frac_meal>
      <y_dm_sen_frac_meal>0    0</y_dm_sen_frac_meal>
      <x_dm_sen_frac_oil description="oil">0    1     </x_dm_sen_frac_oil>
      <y_dm_sen_frac_oil>0    0</y_dm_sen_frac_oil>
      <!-- ______________________________________________________________________________
         LEAF NUMBER AND AREA SENESCENCE
         -->
      <min_tpla description="lower limit of total plant leaf area">0.0</min_tpla>
      <node_sen_rate units="oCd/node" description="rate of node senescence on main stem">46.6</node_sen_rate>
      <fr_lf_sen_rate description="fraction of total leaf number senescing per main stem node">0.02</fr_lf_sen_rate>
      <n_fact_lf_sen_rate description="max relative increase in leaf senescence due to N stress">0.0     </n_fact_lf_sen_rate>
      <lai_sen_light units="m^2/m^2" description="induced senescence occurs (m^2/m^2)">4.0</lai_sen_light>
      <sen_light_slope description="sensitivity of leaf area senescence to shading">0.008</sen_light_slope>
      <x_temp_senescence description="minimum temperature for frost senescence table (oC)">-15.0 -5.0     </x_temp_senescence>
      <y_senescence_fac description="daily fraction of leaf area senesced due to frost (0-1)">1    0       </y_senescence_fac>
      <x_maxt_senescence description="minimum temperature for heat senescence table (oC)">34.0 34.1 45.0     </x_maxt_senescence>
      <y_heatsenescence_fac description="daily fraction of leaf area senesced due to heat (0-1)">0  0.0  0.0       </y_heatsenescence_fac> 	  
      <sen_rate_water description="slope in linear eqn relating soil water stress during photosynthesis to leaf senesence rate">0.10</sen_rate_water>
      <!-- ______________________________________________________________________________
         DETACHMENT
         root
         -->
      <root_dead_detach_frac description="fraction detached from each part of a dead plant per day.">0</root_dead_detach_frac>
      <root_sen_detach_frac description="fraction of senesced plant part detached each day from live plants">1</root_sen_detach_frac>
      <leaf_dead_detach_frac>0</leaf_dead_detach_frac>
      <leaf_sen_detach_frac>0</leaf_sen_detach_frac>
      <stem_dead_detach_frac>0</stem_dead_detach_frac>
      <stem_sen_detach_frac>0</stem_sen_detach_frac>
      <pod_dead_detach_frac>0.0</pod_dead_detach_frac>
      <pod_sen_detach_frac>0.0</pod_sen_detach_frac>
      <meal_dead_detach_frac>0.0</meal_dead_detach_frac>
      <meal_sen_detach_frac>0.0</meal_sen_detach_frac>
      <oil_dead_detach_frac>0.0</oil_dead_detach_frac>
      <oil_sen_detach_frac>0.0</oil_sen_detach_frac>
      <!-- %%%%%%%%%%%%%%%%%%%%%%%%%%%%%%%%%%%%%%%%%%%%%%%%%%%%%%%%%%%%%%%%%%%%%%%%%%%%%%%%%%%%%%%%%%%%%%%%%%%%%%%%%%%
         SECTION 8 - WE MIGHT PUT RETRANSLOCATION OF DM AND N IN THIS SECTION
         %%%%%%%%%%%%%%%%%%%%%%%%%%%%%%%%%%%%%%%%%%%%%%%%%%%%%%%%%%%%%%%%%%%%%%%%%%%%%%%%%%%%%%%%%%%%%%%%%%%%%%%%%%%
         %%%%%%%%%%%%%%%%%%%%%%%%%%%%%%%%%%%%%%%%%%%%%%%%%%%%%%%%%%%%%%%%%%%%%%%%%%%%%%%%%%%%%%%%%%%%%%%%%%%%%%%%%%%
         SECTION 9 - CROP FAILURE AND DEATH
         %%%%%%%%%%%%%%%%%%%%%%%%%%%%%%%%%%%%%%%%%%%%%%%%%%%%%%%%%%%%%%%%%%%%%%%%%%%%%%%%%%%%%%%%%%%%%%%%%%%%%%%%%%%
         ______________________________________________________________________________
         crop failure
         -->
      <leaf_no_crit description="critical number of leaves, below which portion of the crop may die due to water stress">10.0</leaf_no_crit>
      <tt_emerg_limit units="oCd" description="maximum degree days allowed for emergence to take place">300.0</tt_emerg_limit>
      <days_germ_limit units="days" description="maximum days allowed after sowing for germination to take place (days)">40.0</days_germ_limit>
      <swdf_photo_limit description="critical cumulative photosynthesis water stress, above which the crop partly fails (unitless)">99.0</swdf_photo_limit>
      <swdf_photo_rate description="rate of plant reduction with photosynthesis water stress">0.0</swdf_photo_rate>
      <swdf_pheno_limit description="critical cumulative phenology water stress, above which the crop fails (unitless)">25</swdf_pheno_limit>
      <!-- ______________________________________________________________________________
         PLANT DEATH
         -->
      <x_weighted_temp units="oC">55.0  60.0</x_weighted_temp>
      <y_plant_death>0.0   1.0</y_plant_death>
      <!-- %%%%%%%%%%%%%%%%%%%%%%%%%%%%%%%%%%%%%%%%%%%%%%%%%%%%%%%%%%%%%%%%%%%%%%%%%%%%%%%%%%%%%%%%%%%%%%%%%%%%%%%%%%%
         SECTION 10 - PHOSPHORUS RELATIONS, UPTAKE AND STRESS FACTORS
         %%%%%%%%%%%%%%%%%%%%%%%%%%%%%%%%%%%%%%%%%%%%%%%%%%%%%%%%%%%%%%%%%%%%%%%%%%%%%%%%%%%%%%%%%%%%%%%%%%%%%%%%%%%
         %%%%%%%%%%%%%%%%%%%%%%%%%%%%%%%%%%%%%%%%%%%%%%%%%%%%%%%%%%%%%%%%%%%%%%%%%%%%%%%%%%%%%%%%%%%%%%%%%%%%%%%%%%%
         SECTION - VALUE LIMITS - MAX AND MINS
         %%%%%%%%%%%%%%%%%%%%%%%%%%%%%%%%%%%%%%%%%%%%%%%%%%%%%%%%%%%%%%%%%%%%%%%%%%%%%%%%%%%%%%%%%%%%%%%%%%%%%%%%%%%
         ______________________________________________________________________________
         ROOT PARAMETERS
         -->
      <ll_ub description="upper limit of lower limit">1000.0</ll_ub>
      <kl_ub description="upper limit of water uptake factor">1.0</kl_ub>
      <!-- ______________________________________________________________________________
         SOIL WATER
         -->
      <minsw description="lowest acceptable value for ll">0.00001</minsw>
      <!--  cultivar parameter upper bounds
         -->
      <tt_emergence_ub units="oCd" description="upper limit">1000.0</tt_emergence_ub>
      <tt_flower_to_maturity_ub units="oCd" description="upper limit">1500.0</tt_flower_to_maturity_ub>
      <tt_maturity_ub units="oCd" description="upper limit">1000.0</tt_maturity_ub>
      <tt_flower_to_start_grain_ub units="oCd" description="upper limit">1000.0</tt_flower_to_start_grain_ub>
      <tt_init_to_flower_ub units="oCd" description="upper limit">1000.0</tt_init_to_flower_ub>
      <tt_harvest_ripe units="oCd">1.0</tt_harvest_ripe>
    </plant>
    <!-- ***********************************************************************************************************
      PARAMETERS  - CULTIVAR-SPECIFIC VALUES
      ***********************************************************************************************************
      !!!!!!!!!!!!!!!!!!!!!!!!!!!!!!!!!!!!!!!!!!!!!!!!
      ! varieties listed from early to late maturing!!
      !!!!!!!!!!!!!!!!!!!!!!!!!!!!!!!!!!!!!!!!!!!!!!!!
      -->
    <parvie cultivar="yes">
      <x_pp_hi_incr units="h">1      24</x_pp_hi_incr>
      <y_hi_incr units="1/days" description="rate of HI increase (optional)">0.025  0.025</y_hi_incr>
      <x_hi_max_pot_stress>0.00   1.00</x_hi_max_pot_stress>
      <y_hi_max_pot>0.50   0.50</y_hi_max_pot>
      <cumvd_emergence>0      100</cumvd_emergence>
      <tt_emergence units="oCd" description="TT from emergence to end of juvenile phase">250     250</tt_emergence>
      <est_days_emerg_to_init units="d" description="estimated days from emergence to floral init.">83</est_days_emerg_to_init>
      <x_pp_end_of_juvenile>10.7   17</x_pp_end_of_juvenile>
      <y_tt_end_of_juvenile>480    1.0</y_tt_end_of_juvenile>
      <x_pp_floral_initiation units="h">1      24</x_pp_floral_initiation>
      <y_tt_floral_initiation units="oCd" description="TT from initiation to flowering">33    33</y_tt_floral_initiation>
      <x_pp_flowering units="h">1      24</x_pp_flowering>
      <y_tt_flowering units="oCd" description="TT from flowering to start grain fill">200    200</y_tt_flowering>
      <x_pp_start_grain_fill units="h">1      24</x_pp_start_grain_fill>
      <y_tt_start_grain_fill units="oCd">500    500</y_tt_start_grain_fill>
      <tt_end_grain_fill units="oCd">60</tt_end_grain_fill>
      <tt_maturity units="oCd" description="TT from maturity to harvest ripe">1.0</tt_maturity>
      <x_stem_wt units="g/plant">0      10</x_stem_wt>
      <y_height units="mm" description="plant canopy height">50      800</y_height>
    </parvie>
    <excel cultivar="yes">
      <x_pp_hi_incr units="h">1      24</x_pp_hi_incr>
      <y_hi_incr units="1/days" description="rate of HI increase (optional)">0.025  0.025</y_hi_incr>
      <x_hi_max_pot_stress>0.00   1.00</x_hi_max_pot_stress>
      <y_hi_max_pot>0.50   0.50</y_hi_max_pot>
      <cumvd_emergence>0      100</cumvd_emergence>
      <tt_emergence units="oCd" description="TT from emergence to end of juvenile phase">250     250</tt_emergence>
      <est_days_emerg_to_init units="d" description="estimated days from emergence to floral init.">83</est_days_emerg_to_init>
      <x_pp_end_of_juvenile>10.7   17</x_pp_end_of_juvenile>
      <y_tt_end_of_juvenile>480    1.0</y_tt_end_of_juvenile>
      <x_pp_floral_initiation units="h">1      24</x_pp_floral_initiation>
      <y_tt_floral_initiation units="oCd" description="TT from initiation to flowering">33    33</y_tt_floral_initiation>
      <x_pp_flowering units="h">1      24</x_pp_flowering>
      <y_tt_flowering units="oCd" description="TT from flowering to start grain fill">200    200</y_tt_flowering>
      <x_pp_start_grain_fill units="h">1      24</x_pp_start_grain_fill>
      <y_tt_start_grain_fill units="oCd">500    500</y_tt_start_grain_fill>
      <tt_end_grain_fill units="oCd">60</tt_end_grain_fill>
      <tt_maturity units="oCd" description="TT from maturity to harvest ripe">1.0</tt_maturity>
      <x_stem_wt units="g/plant">0      10</x_stem_wt>
      <y_height units="mm" description="plant canopy height">50      800</y_height>
    </excel>
    <parafield cultivar="yes">
      <x_pp_hi_incr units="h">1      24</x_pp_hi_incr>
      <y_hi_incr units="1/days" description="rate of HI increase (optional)">0.025  0.025</y_hi_incr>
      <x_hi_max_pot_stress>0.00   1.00</x_hi_max_pot_stress>
      <y_hi_max_pot>0.50   0.50</y_hi_max_pot>
      <cumvd_emergence>0      100</cumvd_emergence>
      <tt_emergence units="oCd" description="TT from emergence to end of juvenile phase">300     300</tt_emergence>
      <est_days_emerg_to_init units="d" description="estimated days from emergence to floral init.">83</est_days_emerg_to_init>
      <x_pp_end_of_juvenile>10.7   17</x_pp_end_of_juvenile>
      <y_tt_end_of_juvenile>446    1.0</y_tt_end_of_juvenile>
      <x_pp_floral_initiation units="h">1      24</x_pp_floral_initiation>
      <y_tt_floral_initiation units="oCd" description="TT from initiation to flowering">33    33</y_tt_floral_initiation>
      <x_pp_flowering units="h">1      24</x_pp_flowering>
      <y_tt_flowering units="oCd" description="TT from flowering to start grain fill">200    200</y_tt_flowering>
      <x_pp_start_grain_fill units="h">1      24</x_pp_start_grain_fill>
      <y_tt_start_grain_fill units="oCd">500    500</y_tt_start_grain_fill>
      <tt_end_grain_fill units="oCd">60</tt_end_grain_fill>
      <tt_maturity units="oCd" description="TT from maturity to harvest ripe">1.0</tt_maturity>
      <x_stem_wt units="g/plant">0      10</x_stem_wt>
      <y_height units="mm" description="plant canopy height">0      800</y_height>
    </parafield>
    <kaspa cultivar="yes">
      <x_pp_hi_incr units="h">1      24</x_pp_hi_incr>
      <y_hi_incr units="1/days" description="rate of HI increase (optional)">0.025  0.025</y_hi_incr>
      <x_hi_max_pot_stress>0.00   1.00</x_hi_max_pot_stress>
      <y_hi_max_pot>0.50   0.50</y_hi_max_pot>
      <cumvd_emergence>0      100</cumvd_emergence>
      <tt_emergence units="oCd" description="TT from emergence to end of juvenile phase">320     320</tt_emergence>
      <est_days_emerg_to_init units="d" description="estimated days from emergence to floral init.">83</est_days_emerg_to_init>
      <x_pp_end_of_juvenile>10.7   17</x_pp_end_of_juvenile>
      <y_tt_end_of_juvenile>500    1.0</y_tt_end_of_juvenile>
      <x_pp_floral_initiation units="h">1      24</x_pp_floral_initiation>
      <y_tt_floral_initiation units="oCd" description="TT from initiation to flowering">33    33</y_tt_floral_initiation>
      <x_pp_flowering units="h">1      24</x_pp_flowering>
      <y_tt_flowering units="oCd" description="TT from flowering to start grain fill">200    200</y_tt_flowering>
      <x_pp_start_grain_fill units="h">1      24</x_pp_start_grain_fill>
      <y_tt_start_grain_fill units="oCd">500    500</y_tt_start_grain_fill>
      <tt_end_grain_fill units="oCd">60</tt_end_grain_fill>
      <tt_maturity units="oCd" description="TT from maturity to harvest ripe">1.0</tt_maturity>
      <x_stem_wt units="g/plant">0      10</x_stem_wt>
      <y_height units="mm" description="plant canopy height">0      800</y_height>
    </kaspa>
    <mutka cultivar="yes">
      <x_pp_hi_incr units="h">1      24</x_pp_hi_incr>
      <y_hi_incr units="1/days" description="rate of HI increase (optional)">0.025  0.025</y_hi_incr>
      <x_hi_max_pot_stress>0.00   1.00</x_hi_max_pot_stress>
      <y_hi_max_pot>0.50   0.50</y_hi_max_pot>
      <cumvd_emergence>0      100</cumvd_emergence>
      <tt_emergence units="oCd" description="TT from emergence to end of juvenile phase">350     350</tt_emergence>
      <est_days_emerg_to_init units="d" description="estimated days from emergence to floral init.">83</est_days_emerg_to_init>
      <x_pp_end_of_juvenile>10.7   17</x_pp_end_of_juvenile>
      <y_tt_end_of_juvenile>530    1.0</y_tt_end_of_juvenile>
      <x_pp_floral_initiation units="h">1      24</x_pp_floral_initiation>
      <y_tt_floral_initiation units="oCd" description="TT from initiation to flowering">33    33</y_tt_floral_initiation>
      <x_pp_flowering units="h">1      24</x_pp_flowering>
      <y_tt_flowering units="oCd" description="TT from flowering to start grain fill">200    200</y_tt_flowering>
      <x_pp_start_grain_fill units="h">1      24</x_pp_start_grain_fill>
      <y_tt_start_grain_fill units="oCd">500    500</y_tt_start_grain_fill>
      <tt_end_grain_fill units="oCd">60</tt_end_grain_fill>
      <tt_maturity units="oCd" description="TT from maturity to harvest ripe">1.0</tt_maturity>
      <x_stem_wt units="g/plant">0      10</x_stem_wt>
      <y_height units="mm" description="plant canopy height">0      800</y_height>
    </mutka>
    <!--_____________   New Zealand Cultivars   ____________-->
    <!--based on sowing density trial (HEB Jul 2009)-->
    <Primo>
      <x_pp_hi_incr units="h">1      24</x_pp_hi_incr>
      <y_hi_incr units="1/days" description="rate of HI increase (optional)">0.025  0.025</y_hi_incr>
      <x_hi_max_pot_stress>0.00   1.00</x_hi_max_pot_stress>
      <y_hi_max_pot>0.50   0.50</y_hi_max_pot>
      <cumvd_emergence>0      100</cumvd_emergence>
      <tt_emergence units="oCd" description="TT from emergence to end of juvenile phase">200     200</tt_emergence>
      <est_days_emerg_to_init units="d" description="estimated days from emergence to floral init.">83</est_days_emerg_to_init>
      <x_pp_end_of_juvenile>10.7   17</x_pp_end_of_juvenile>
      <y_tt_end_of_juvenile>530    1.0</y_tt_end_of_juvenile>
      <x_pp_floral_initiation units="h">1      24</x_pp_floral_initiation>
      <y_tt_floral_initiation units="oCd" description="TT from initiation to flowering">33    33</y_tt_floral_initiation>
      <x_pp_flowering units="h">1      24</x_pp_flowering>
      <y_tt_flowering units="oCd" description="TT from flowering to start grain fill">350    450</y_tt_flowering>
      <!-- I have increased these by 150 to delay the start of grainfilling -->
      <x_pp_start_grain_fill units="h">1      24</x_pp_start_grain_fill>
      <y_tt_start_grain_fill units="oCd">250    250</y_tt_start_grain_fill>
      <tt_end_grain_fill units="oCd">60</tt_end_grain_fill>
      <tt_maturity units="oCd" description="TT from maturity to harvest ripe">1.0</tt_maturity>
      <x_stem_wt units="g/plant">0      10</x_stem_wt>
      <y_height units="mm" description="plant canopy height">50     800</y_height>
      <x_node_no_app>0 5 6 20 21 30</x_node_no_app>
      <y_node_app_rate>50 50 35 30 50 50</y_node_app_rate>
      <!-- I have increased phyllochron to reduce initial lai expnasion rates MS<y_node_app_rate>40  40</y_node_app_rate> -->
      <x_node_no>1   3     5    7   10    15   30</x_node_no>
      <y_leaf_size units="mm^2">10 10 500 3000 5000 2500 1000</y_leaf_size>
      <!--I have decreased the size of all leaves to get the LAI pattern correct-->
      <lai_sen_light units="m^2/m^2" description="induced senescence occurs (m^2/m^2)">2</lai_sen_light>
      <!--I have reduced this to 2 to get sencecence pattern correct-->
      <fr_lf_sen_rate description="fraction of total leaf number senescing per main stem node">0.05</fr_lf_sen_rate>
      <!--I have increased it to accelerate leaf senescence   -->
      <x_row_spacing>200  350  1000</x_row_spacing>
      <y_extinct_coef>0.55 0.55 0.45</y_extinct_coef>
      <!--reducec extinction coeff to get rad int right in sowing density trial-->
      <y_sla_max description="maximum specific leaf area for delta LAI">45000 20000           </y_sla_max>
      <!--I had to increase SLA at low LAI to get LAI patterns correct-->
      <initial_tpla units="mm^2/plant" description="initial total plant leaf area">100.0</initial_tpla>
      <!--I have reduced this because first leaves were smaller also-->
    </Primo>
    <!-- This is a copy of Primo until I can find some more information on Rex-->
    <Rex>
      <!--based on sowing density trial (HEB)-->
      <x_pp_hi_incr units="h">1      24</x_pp_hi_incr>
      <y_hi_incr units="1/days" description="rate of HI increase (optional)">0.025  0.025</y_hi_incr>
      <x_hi_max_pot_stress>0.00   1.00</x_hi_max_pot_stress>
      <y_hi_max_pot>0.50   0.50</y_hi_max_pot>
      <cumvd_emergence>0      100</cumvd_emergence>
      <tt_emergence units="oCd" description="TT from emergence to end of juvenile phase">200     200</tt_emergence>
      <est_days_emerg_to_init units="d" description="estimated days from emergence to floral init.">83</est_days_emerg_to_init>
      <x_pp_end_of_juvenile>10.7   17</x_pp_end_of_juvenile>
      <y_tt_end_of_juvenile>530    1.0</y_tt_end_of_juvenile>
      <x_pp_floral_initiation units="h">1      24</x_pp_floral_initiation>
      <y_tt_floral_initiation units="oCd" description="TT from initiation to flowering">33    33</y_tt_floral_initiation>
      <x_pp_flowering units="h">1      24</x_pp_flowering>
      <y_tt_flowering units="oCd" description="TT from flowering to start grain fill">350    450</y_tt_flowering>
      <!--I have increased these by 150 to delay the start of grainfilling-->
      <x_pp_start_grain_fill units="h">1      24</x_pp_start_grain_fill>
      <y_tt_start_grain_fill units="oCd">250    250</y_tt_start_grain_fill>
      <!--350  350-->
      <tt_end_grain_fill units="oCd">60</tt_end_grain_fill>
      <tt_maturity units="oCd" description="TT from maturity to harvest ripe">1.0</tt_maturity>
      <x_stem_wt units="g/plant">0      10</x_stem_wt>
      <y_height units="mm" description="plant canopy height">50     800</y_height>
      <x_node_no_app>0 5 6 20 21 30</x_node_no_app>
      <y_node_app_rate>50 50 35 30 50 50</y_node_app_rate>
      <!--I have increased phyllochron to reduce initial lai expnasion rates MS<y_node_app_rate>40  40</y_node_app_rate> -->
      <x_node_no>1   3     5    7   10    15   30</x_node_no>
      <y_leaf_size units="mm^2">10 10 500 3000 5000 2500 1000</y_leaf_size>
      <!--I have decreased the size of all leaves to get the LAI pattern correct-->
      <lai_sen_light units="m^2/m^2" description="induced senescence occurs (m^2/m^2)">2</lai_sen_light>
      <!--I have reduced this to 2 to get sencecence pattern correct-->
      <fr_lf_sen_rate description="fraction of total leaf number senescing per main stem node">0.05</fr_lf_sen_rate>
      <!--I have increased it to accelerate leaf senescence-->
      <x_row_spacing>200  350  1000</x_row_spacing>
      <y_extinct_coef>0.55 0.55 0.45</y_extinct_coef>
      <!--reducec extinction coeff to get rad int right in sowing density trial -->
      <y_sla_max description="maximum specific leaf area for delta LAI">45000 20000           </y_sla_max>
      <!--I had to increase SLA at low LAI to get LAI patterns correct-->
      <initial_tpla units="mm^2/plant" description="initial total plant leaf area">100.0</initial_tpla>
      <!--I have reduced this because first leaves were smaller also-->
      <!--New Zealand pea straw comes in with a N content of 0.8% (Thomas etal 2008, NO2 emission factor review) so I have reduced N contents of stem, leaf and pod at later stages-->
      <x_stage_code description="stage code used in table">   3      4       6       7      8      9     </x_stage_code>
      <y_n_conc_min_leaf description="leaf minimum N conc.">  0.0200 0.0150  0.0100  0.0100 0.003 0.003</y_n_conc_min_leaf>
      <y_n_conc_crit_leaf description="leaf critical N conc.">0.0600 0.0450  0.0300  0.0180 0.007 0.007</y_n_conc_crit_leaf>
      <y_n_conc_max_leaf description="leaf maximum N conc.">  0.0800 0.0600  0.0350  0.0270 0.008 0.008</y_n_conc_max_leaf>
      <y_n_conc_min_stem description="stem minimum N conc.">  0.0200 0.0150  0.0100  0.0100 0.003 0.003</y_n_conc_min_stem>
      <y_n_conc_crit_stem description="stem critical N conc.">0.0600 0.0450  0.0300  0.0180 0.007 0.007</y_n_conc_crit_stem>
      <y_n_conc_max_stem description="stem maximum N conc.">  0.0800 0.0600  0.0350  0.0270 0.008 0.008</y_n_conc_max_stem>
      <y_n_conc_min_pod description="pod minimum N conc.">    0.0200 0.0150  0.0100  0.0100 0.003 0.003</y_n_conc_min_pod>
      <y_n_conc_crit_pod description="pod critical N conc.">  0.0600 0.0450  0.0300  0.0180 0.007 0.007</y_n_conc_crit_pod>
      <y_n_conc_max_pod description="pod maximum N conc.">    0.0800 0.0600  0.0350  0.0270 0.008 0.008</y_n_conc_max_pod>
      <y_n_conc_min_meal>                                     0.0    0.0     0.0     0.036  0.036 0.036</y_n_conc_min_meal>
      <y_n_conc_crit_meal>                                    0.0    0.0     0.0     0.037  0.037 0.037</y_n_conc_crit_meal>
      <y_n_conc_max_meal>                                     0.0    0.0     0.0     0.020  0.020 0.020</y_n_conc_max_meal>
      <y_n_conc_min_oil>                                      0.0    0.0     0.0     0.0    0.0   0.0  </y_n_conc_min_oil>
      <y_n_conc_crit_oil>                                     0.0    0.0     0.0     0.0    0.0   0.0  </y_n_conc_crit_oil>
      <y_n_conc_max_oil>                                      0.0    0.0     0.0     0.0    0.0   0.0  </y_n_conc_max_oil>
      <n_conc_max_grain description="grain critical N conc.">0.036</n_conc_max_grain>
      <n_conc_crit_grain description="grain maximum N conc.">0.037</n_conc_crit_grain>
      <n_conc_min_grain description="grain minimum N conc.">0.020</n_conc_min_grain>
      <!--New Zealand pea roots have a N content of 0.8% (Thomas etal 2008, NO2 emission factor review) so I have reduced N contents 
	      After inplementing this change the two crops following peas in the MTT trial were under predicted suggesting there was not enough N left.
		  We have measurements of residue N and know that was correct so it must be in the roots.  I have increased to root N% to compensate-->
      <n_conc_max_root description="root critical N conc.">0.0250</n_conc_max_root>
      <n_conc_crit_root description="root maximum N conc.">0.0240</n_conc_crit_root>
      <n_conc_min_root description="root minimum N conc.">0.008</n_conc_min_root>
      <ratio_root_shoot units="0-1">0      0    1.0   1.0   1.00  0.33   0.087  0     0     0      0</ratio_root_shoot>
      <frac_leaf units="0-1" description="fraction of remaining dm allocated to leaves">0      0    0.40  0.40  0.40  0.43   0.40   0     0     0      0</frac_leaf>
      <frac_pod units="0-1" description="fraction of dm allocated to pod or multiplier of grain dm to account for pod dm">0      0    0     0     0     0.06   0.275  0.4   0     0      0</frac_pod>
    </Rex>
    <dingxi cultivar="yes">
	<!-- A local cultivar of field pea called Dingxi, from Mike Robertson -->
       <x_pp_hi_incr>             1      24 </x_pp_hi_incr>
       <y_hi_incr>                    0.0110 0.011 </y_hi_incr>
       <x_hi_max_pot_stress>        0.0 1.0  </x_hi_max_pot_stress >
       <y_hi_max_pot>                0.5 0.5 </y_hi_max_pot> 
       <cumvd_emergence>              0        100</cumvd_emergence>
       <tt_emergence>                60.0     60.0</tt_emergence>
       <est_days_emerg_to_init >     20  </est_days_emerg_to_init > 
       <x_pp_end_of_juvenile>        12.0   16.0</x_pp_end_of_juvenile>
       <y_tt_end_of_juvenile>         200    100</y_tt_end_of_juvenile>
       <x_pp_floral_initiation>          1      24</x_pp_floral_initiation>
       <y_tt_floral_initiation>          24.0  24.0</y_tt_floral_initiation>
       <x_pp_flowering>   1      24</x_pp_flowering>
       <y_tt_flowering>  300.0 300.0</y_tt_flowering>
       <x_pp_start_grain_fill>      1      24</x_pp_start_grain_fill>
       <y_tt_start_grain_fill>      460.0  460.0</y_tt_start_grain_fill>
       <tt_end_grain_fill>    40</tt_end_grain_fill>
       <tt_maturity>         5.0</tt_maturity> 
       <x_stem_wt>                   0 10</x_stem_wt>
       <y_height>                    0 1200</y_height>  
    </dingxi>
  </Model>
  
</Type>