<Type name="manager2">
   <MetaData>
      <UItype>CSUserInterface.ScriptUI</UItype>
      <ApsimXCompatible>Yes</ApsimXCompatible>	  
      <ShowInMainTree>Yes</ShowInMainTree>
      <Image>%apsim%\UserInterface\Images\banner2.jpg</Image>
      <Documentation>%apsim%\Documentation\4 Module Reference\Manager.htm</Documentation>
      <LargeIcon>%apsim%\UserInterface\Images\user1-32.png</LargeIcon>
      <SmallIcon>%apsim%\UserInterface\Images\user1-16.png</SmallIcon>
      <dll>%apsim%\Model\Manager2.dll</dll>
      <drops>
         <drop>toolbox</drop>
         <drop>area</drop>
         <drop>simulation</drop>
         <drop>folder</drop>
      </drops>
      <ApsimToSim>
         <component name="[manager2.name]" executable="[dll]" class="Manager2">
            <executable name="%apsim%/Model/Manager2.dll" version="1.0"/>
            <initdata>
               
               [manager2.innerxml]   
               [Children]
            </initdata>
         </component>
      </ApsimToSim>
   </MetaData>
</Type>
