<Type name="SurfaceOM">
   <MetaData>
      <UItype>CSUserInterface.GenericUI</UItype>
      <ShowInMainTree>Yes</ShowInMainTree>
      <Image>%apsim%\UserInterface\Images\som.jpg</Image>
      <Documentation name="Science documentation">../apsim/surfaceom/docs/surfaceom_science.htm</Documentation>
      <LargeIcon>%apsim%\UserInterface\Images\SOM32.png</LargeIcon>
      <SmallIcon>%apsim%\UserInterface\Images\SOM16.png</SmallIcon>
      <dll>%apsim%/Model/SurfaceOM.%dllext%</dll>
      <drops>
         <drop>toolbox</drop>
         <drop>area</drop>
         <drop>simulation</drop>
         <drop>folder</drop>
      </drops>
      <bounds>
         <bound name = "mass" min="0.0"/>
         <bound name = "standing_fraction" min="0.0" max="1.0"/>
         <bound name = "cnr" min="0.0"/>
      </bounds>
      <ApsimToSim>
         <component name="[surfaceom.name]" executable="[dll]" class="SurfaceOM">
            <executable name="[dll]" version="1.0"/>
            <initdata>
               [Model]
               <name>[surfaceom.PoolName]</name>
               <type>[surfaceom.type]</type>
               <mass>[surfaceom.mass]</mass>
               <cnr>[surfaceom.cnr]</cnr>
               [if [surfaceom.cpr]]<cpr>[surfaceom.cpr]</cpr>[endif]
               <standing_fraction>[surfaceom.standing_fraction]</standing_fraction>
            </initdata>
         </component>
      </ApsimToSim>
   </MetaData>
   <Model>
      <crit_residue_wt>2000</crit_residue_wt>
      <opt_temp description="temperature at which decomp reaches optimum rate (oC)">20       </opt_temp>
      <cum_eos_max description="cumeos at which decomp rate becomes zero. (mm H2O)">20    </cum_eos_max>
      <cnrf_coeff description="coeff. to determine the magnitude">0.277  </cnrf_coeff>
      <!--  of C:N effects on decomposition of residue ()
      -->
      <cnrf_optcn description="C:N above which decomposition rate">25.0   </cnrf_optcn>
      <!--  of residue declines ()
      -->
      <c_fract description="Fraction of Carbon in plant material (0-1)">0.4</c_fract>
      <leach_rain_tot description="total amount of 'leaching' rain to remove">25.0 </leach_rain_tot>
      <!--  all soluble N from Manure
      -->
      <min_rain_to_leach description="threshold rainfall amount for leaching to occur">10.0 </min_rain_to_leach>
      <crit_min_surfom_orgC units="kg/ha" description="critical minimum org C below">0.004</crit_min_surfom_orgC>
      <!--  which potential decomposition rate
      is 100% (to avoid numerical imprecision)
      -->
      <default_cpr description="default C:P ratio to use when insufficient information">0.0</default_cpr>
      <!--  is supplied to residue2
      -->
      <default_standing_fraction description="fraction of the residues 'standing' ie isolated from the soil">0.0              </default_standing_fraction>
      <standing_extinct_coeff description="assume all standing stuff is flat (!!??)">0.5</standing_extinct_coeff> 
      <!--  ______________________________________________________________-
      Residue type information
      ______________________________________________________________-
      -->
      <base_type>
         <fom_type>inert</fom_type>
         <fraction_C description="fraction of Carbon in FOM (0-1)">0.4     </fraction_C>
         <po4ppm description="labile P concentration(ppm)">0.0     </po4ppm>
         <nh4ppm description="ammonium N concentration (ppm)">0.0     </nh4ppm>
         <no3ppm description="nitrate N concentration (ppm)">0.0     </no3ppm>
         <specific_area description="specific area of residue (ha/kg">0.0005  </specific_area>
         <cf_contrib>1</cf_contrib>
         <pot_decomp_rate>0.1</pot_decomp_rate>
         <fr_c>0.2 0.7 0.1</fr_c>
         <fr_n>0.2 0.7 0.1</fr_n>
         <fr_p>0.2 0.7 0.1</fr_p>
      </base_type>
      <inert>
         <!--  This is a special residue type for testing purposes.  It is completly inert and so
         will not decompose at all.  This can be used for quickly testing mass balance because
         complex decomposition processes are effectively turned off.
         -->
         <derived_from>base_type</derived_from>
         <fom_type>inert</fom_type>
         <pot_decomp_rate>0.0</pot_decomp_rate>
      </inert>
      <manure>
         <fom_type>manure</fom_type>
         <fraction_C description="fraction of Carbon in FOM (0-1)">0.08    </fraction_C>
         <pot_decomp_rate>0.1</pot_decomp_rate>
         <fr_c>0.3 0.3 0.4</fr_c>
         <fr_n>0.3 0.3 0.4</fr_n>
         <fr_p>0.3 0.3 0.4</fr_p>
         <po4ppm description="labile P concentration(ppm)">10.0     </po4ppm>
         <nh4ppm description="ammonium N concentration (ppm)">10.0     </nh4ppm>
         <no3ppm description="nitrate N concentration (ppm)">10.0     </no3ppm>
         <specific_area description="specific area of residue (ha/kg)">0.0001  </specific_area>
         <cf_contrib>1</cf_contrib>
      </manure>
	  
	  
	  
	  <!-- manure types from Iowa, USA. Added by SVA on Nov 24, 2014. 
	       sources: Archontoulis et al., 2014 Agronomy J 106: 1025-1040
				    Loecke et al., 2004 Crop Science 44: 177-184
				    Loecke et al., 2004 Agronomy J 96: 214-223 -->
	  
	  
	  <!-- List of manure types (swine fresh and compost manure)
	       average application rates are 22 Mg/ha for the compost and 14 Mg/ha for the fresh manure
	  
	    compost_manure_ia  (note: this is the average of the following 6 compost manure types)
		compost2000_ia
		compost2001_ia
		compost_fall00_ia
	    compost_fall01_ia
		compost_spring00_ia
		compost_spring01_ia
	    fresh_manure_ia  (note: this is the average of the following 6 fresh manure types)
		fresh2000_ia
		fresh2001_ia
		fresh_fall00_ia
	    fresh_fall01_ia
		fresh_spring00_ia
		fresh_spring01_ia -->	  
	  
		   
	  <compost_manure_ia>
         <fom_type>compost_manure_ia</fom_type>
         <fraction_C description="fraction of Carbon in FOM (0-1)">0.176  </fraction_C>
         <pot_decomp_rate>0.1</pot_decomp_rate>
         <fr_c>0.25 0.6 0.15</fr_c>
         <fr_n>0.02 0.48 0.5</fr_n>
         <fr_p>0.3 0.3 0.4</fr_p>
         <po4ppm description="labile P concentration(ppm)">5.0     </po4ppm>
         <nh4ppm description="ammonium N concentration (ppm)">906     </nh4ppm>
         <no3ppm description="nitrate N concentration (ppm)">2261     </no3ppm>
         <specific_area description="specific area of residue (ha/kg)">0.0001  </specific_area>
         <cf_contrib>1</cf_contrib>
      </compost_manure_ia>
	             
       <fresh_manure_ia>
         <fom_type>fresh_manure_ia</fom_type>
         <fraction_C description="fraction of Carbon in FOM (0-1)">0.305    </fraction_C>
         <pot_decomp_rate>0.1</pot_decomp_rate>
         <fr_c>0.25 0.6 0.15</fr_c>
         <fr_n>0.01 0.3 0.69</fr_n>
         <fr_p>0.3 0.3 0.4</fr_p>
         <po4ppm description="labile P concentration(ppm)">5.0     </po4ppm>
         <nh4ppm description="ammonium N concentration (ppm)">3362     </nh4ppm>
         <no3ppm description="nitrate N concentration (ppm)">248     </no3ppm>
         <specific_area description="specific area of residue (ha/kg)">0.0001  </specific_area>
         <cf_contrib>1</cf_contrib>
      </fresh_manure_ia>
		  

	  <compost2000_ia>
         <fom_type>compost2000_ia</fom_type>
         <fraction_C description="fraction of Carbon in FOM (0-1)">0.129    </fraction_C>
         <pot_decomp_rate>0.1</pot_decomp_rate>
         <fr_c>0.25 0.6 0.15</fr_c>
         <fr_n>0.02 0.48 0.5</fr_n>
         <fr_p>0.3 0.3 0.4</fr_p>
         <po4ppm description="labile P concentration(ppm)">5.0     </po4ppm>
         <nh4ppm description="ammonium N concentration (ppm)">1429     </nh4ppm>
         <no3ppm description="nitrate N concentration (ppm)">2431     </no3ppm>
         <specific_area description="specific area of residue (ha/kg)">0.0001  </specific_area>
         <cf_contrib>1</cf_contrib>
      </compost2000_ia>
      
      <compost2001_ia>
         <fom_type>compost2001</fom_type>
         <fraction_C description="fraction of Carbon in FOM (0-1)">0.201    </fraction_C>
         <pot_decomp_rate>0.1</pot_decomp_rate>
         <fr_c>0.25 0.6 0.15</fr_c>
         <fr_n>0.02 0.48 0.5</fr_n>
         <fr_p>0.3 0.3 0.4</fr_p>
         <po4ppm description="labile P concentration(ppm)">5.0     </po4ppm>
         <nh4ppm description="ammonium N concentration (ppm)">773     </nh4ppm>
         <no3ppm description="nitrate N concentration (ppm)">265     </no3ppm>
         <specific_area description="specific area of residue (ha/kg)">0.0001  </specific_area>
         <cf_contrib>1</cf_contrib>
      </compost2001_ia>
      
       <fresh2000_ia>
         <fom_type>fresh2000_ia</fom_type>
         <fraction_C description="fraction of Carbon in FOM (0-1)">0.254    </fraction_C>
         <pot_decomp_rate>0.1</pot_decomp_rate>
         <fr_c>0.25 0.6 0.15</fr_c>
         <fr_n>0.01 0.3 0.69</fr_n>
         <fr_p>0.3 0.3 0.4</fr_p>
         <po4ppm description="labile P concentration(ppm)">5.0     </po4ppm>
         <nh4ppm description="ammonium N concentration (ppm)">6413     </nh4ppm>
         <no3ppm description="nitrate N concentration (ppm)">354     </no3ppm>
         <specific_area description="specific area of residue (ha/kg)">0.0001  </specific_area>
         <cf_contrib>1</cf_contrib>
      </fresh2000_ia>
	
      <fresh2001_ia>
         <fom_type>fresh2001_ia</fom_type>
         <fraction_C description="fraction of Carbon in FOM (0-1)">0.243    </fraction_C>
         <pot_decomp_rate>0.1</pot_decomp_rate>
         <fr_c>0.25 0.6 0.15</fr_c>
         <fr_n>0.01 0.3 0.69</fr_n>
         <fr_p>0.3 0.3 0.4</fr_p>
         <po4ppm description="labile P concentration(ppm)">5.0     </po4ppm>
         <nh4ppm description="ammonium N concentration (ppm)">2576     </nh4ppm>
         <no3ppm description="nitrate N concentration (ppm)">221     </no3ppm>
         <specific_area description="specific area of residue (ha/kg)">0.0001  </specific_area>
         <cf_contrib>1</cf_contrib>
      </fresh2001_ia>


      <fresh_fall00_ia>
         <fom_type>fresh_fall00_ia</fom_type>
         <fraction_C description="fraction of Carbon in FOM (0-1)">0.324    </fraction_C>
         <pot_decomp_rate>0.1</pot_decomp_rate>
         <fr_c>0.25 0.6 0.15</fr_c>
         <fr_n>0.01 0.3 0.69</fr_n>
         <fr_p>0.3 0.3 0.4</fr_p>
         <po4ppm description="labile P concentration(ppm)">5.0     </po4ppm>
         <nh4ppm description="ammonium N concentration (ppm)">4480     </nh4ppm>
         <no3ppm description="nitrate N concentration (ppm)">66     </no3ppm>
         <specific_area description="specific area of residue (ha/kg)">0.0001  </specific_area>
         <cf_contrib>1</cf_contrib>
      </fresh_fall00_ia>
	  
      <fresh_fall01_ia>
         <fom_type>fresh_fall01_ia</fom_type>
         <fraction_C description="fraction of Carbon in FOM (0-1)">0.322    </fraction_C>
         <pot_decomp_rate>0.1</pot_decomp_rate>
         <fr_c>0.25 0.6 0.15</fr_c>
         <fr_n>0.01 0.3 0.69</fr_n>
         <fr_p>0.3 0.3 0.4</fr_p>
         <po4ppm description="labile P concentration(ppm)">5.0     </po4ppm>
         <nh4ppm description="ammonium N concentration (ppm)">1165     </nh4ppm>
         <no3ppm description="nitrate N concentration (ppm)">80     </no3ppm>
         <specific_area description="specific area of residue (ha/kg)">0.0001  </specific_area>
         <cf_contrib>1</cf_contrib>
      </fresh_fall01_ia>
	  
      <compost_fall00_ia>
	  <fom_type>compost_fall00_ia</fom_type>
         <fraction_C description="fraction of Carbon in FOM (0-1)">0.181    </fraction_C>
         <pot_decomp_rate>0.1</pot_decomp_rate>
         <fr_c>0.25 0.6 0.15</fr_c>
         <fr_n>0.02 0.48 0.5</fr_n>
         <fr_p>0.3 0.3 0.4</fr_p>
         <po4ppm description="labile P concentration(ppm)">5.0     </po4ppm>
         <nh4ppm description="ammonium N concentration (ppm)">640     </nh4ppm>
         <no3ppm description="nitrate N concentration (ppm)">3624     </no3ppm>
         <specific_area description="specific area of residue (ha/kg)">0.0001  </specific_area>
         <cf_contrib>1</cf_contrib>
      </compost_fall00_ia>
	  
	  <compost_fall01_ia>
	  <fom_type>compost_fall01_ia</fom_type>
         <fraction_C description="fraction of Carbon in FOM (0-1)">0.199    </fraction_C>
         <pot_decomp_rate>0.1</pot_decomp_rate>
         <fr_c>0.25 0.6 0.15</fr_c>
         <fr_n>0.02 0.48 0.5</fr_n>
         <fr_p>0.3 0.3 0.4</fr_p>
         <po4ppm description="labile P concentration(ppm)">5.0     </po4ppm>
         <nh4ppm description="ammonium N concentration (ppm)">461     </nh4ppm>
         <no3ppm description="nitrate N concentration (ppm)">3315     </no3ppm>
         <specific_area description="specific area of residue (ha/kg)">0.0001  </specific_area>
         <cf_contrib>1</cf_contrib>
      </compost_fall01_ia>
	  
	  <fresh_spring00_ia>
         <fom_type>fresh_spring00_ia</fom_type>
         <fraction_C description="fraction of Carbon in FOM (0-1)">0.344    </fraction_C>
         <pot_decomp_rate>0.1</pot_decomp_rate>
         <fr_c>0.25 0.6 0.15</fr_c>
         <fr_n>0.01 0.3 0.69</fr_n>
         <fr_p>0.3 0.3 0.4</fr_p>
         <po4ppm description="labile P concentration(ppm)">5.0     </po4ppm>
         <nh4ppm description="ammonium N concentration (ppm)">3545     </nh4ppm>
         <no3ppm description="nitrate N concentration (ppm)">345     </no3ppm>
         <specific_area description="specific area of residue (ha/kg)">0.0001  </specific_area>
         <cf_contrib>1</cf_contrib>
      </fresh_spring00_ia>

	  <fresh_spring01_ia>
         <fom_type>fresh_spring01_ia</fom_type>
         <fraction_C description="fraction of Carbon in FOM (0-1)">0.316    </fraction_C>
         <pot_decomp_rate>0.1</pot_decomp_rate>
         <fr_c>0.25 0.6 0.15</fr_c>
         <fr_n>0.01 0.3 0.69</fr_n>
         <fr_p>0.3 0.3 0.4</fr_p>
         <po4ppm description="labile P concentration(ppm)">5.0     </po4ppm>
         <nh4ppm description="ammonium N concentration (ppm)">1997     </nh4ppm>
         <no3ppm description="nitrate N concentration (ppm)">424     </no3ppm>
         <specific_area description="specific area of residue (ha/kg)">0.0001  </specific_area>
         <cf_contrib>1</cf_contrib>
      </fresh_spring01_ia>

	  <compost_spring00_ia>
	     <fom_type>compost_spring00_ia</fom_type>
         <fraction_C description="fraction of Carbon in FOM (0-1)">0.144    </fraction_C>
         <pot_decomp_rate>0.1</pot_decomp_rate>
         <fr_c>0.25 0.6 0.15</fr_c>
         <fr_n>0.02 0.48 0.5</fr_n>
         <fr_p>0.3 0.3 0.4</fr_p>
         <po4ppm description="labile P concentration(ppm)">5.0     </po4ppm>
         <nh4ppm description="ammonium N concentration (ppm)">934     </nh4ppm>
         <no3ppm description="nitrate N concentration (ppm)">3315     </no3ppm>
         <specific_area description="specific area of residue (ha/kg)">0.0001  </specific_area>
         <cf_contrib>1</cf_contrib>
      </compost_spring00_ia>

	  <compost_spring01_ia>
	     <fom_type>compost_spring01_ia</fom_type>
         <fraction_C description="fraction of Carbon in FOM (0-1)">0.206    </fraction_C>
         <pot_decomp_rate>0.1</pot_decomp_rate>
         <fr_c>0.25 0.6 0.15</fr_c>
         <fr_n>0.02 0.48 0.5</fr_n>
         <fr_p>0.3 0.3 0.4</fr_p>
         <po4ppm description="labile P concentration(ppm)">5.0     </po4ppm>
         <nh4ppm description="ammonium N concentration (ppm)">1203     </nh4ppm>
         <no3ppm description="nitrate N concentration (ppm)">619     </no3ppm>
         <specific_area description="specific area of residue (ha/kg)">0.0001  </specific_area>
         <cf_contrib>1</cf_contrib>
      </compost_spring01_ia>
      <RuminantDung_PastureFed>
         <fom_type>RuminantDung_PastureFed</fom_type>
         <fraction_C description="fraction of Carbon in FOM (0-1)">0.4     </fraction_C>
         <po4ppm description="labile P concentration(ppm)">5.0     </po4ppm>
         <nh4ppm description="ammonium N concentration (ppm)">1250.0     </nh4ppm>
         <no3ppm description="nitrate N concentration (ppm)">0.0     </no3ppm>
         <specific_area description="specific area of residue (ha/kg">0.0001  </specific_area>
         <cf_contrib>1</cf_contrib>
         <pot_decomp_rate>0.1</pot_decomp_rate>
         <fr_c>0.3 0.5 0.2</fr_c>
         <fr_n>0.3 0.5 0.2</fr_n>
         <fr_p>0.3 0.5 0.2</fr_p>
      </RuminantDung_PastureFed> 
      <algae>
         <derived_from>base_type</derived_from>
         <fom_type>algae</fom_type>
         <fraction_C description="fraction of Carbon in FOM (0-1)">0.4    </fraction_C>
         <pot_decomp_rate>0.1</pot_decomp_rate>
         <specific_area description="specific area of residue (ha/kg)">0.0005  </specific_area>
         <cf_contrib>1</cf_contrib>
      </algae>
      <fym>
         <fom_type>fym</fom_type>
         <fraction_C description="fraction of Carbon in FOM (0-1)">0.08    </fraction_C>
         <pot_decomp_rate>0.1</pot_decomp_rate>
         <fr_c>0.3 0.3 0.4</fr_c>
         <fr_n>0.3 0.3 0.4</fr_n>
         <fr_p>0.3 0.3 0.4</fr_p>
         <po4ppm description="labile P concentration(ppm)">40.0     </po4ppm>
         <nh4ppm description="ammonium N concentration (ppm)">10.0     </nh4ppm>
         <no3ppm description="nitrate N concentration (ppm)">10.0     </no3ppm>
         <specific_area description="specific area of residue (ha/kg)">0.0001  </specific_area>
         <cf_contrib>1</cf_contrib>
      </fym>
      <goatmanure>
         <fom_type>goatmanure</fom_type>
         <fraction_C description="fraction of Carbon in FOM (0-1)">0.08    </fraction_C>
         <pot_decomp_rate>0.1</pot_decomp_rate>
         <fr_c>0.3 0.6 0.3</fr_c>
         <fr_n>0.3 0.6 0.3</fr_n>
         <fr_p>0.3 0.6 0.34</fr_p>
         <po4ppm description="labile P concentration(ppm)">5.0     </po4ppm>
         <nh4ppm description="ammonium N concentration (ppm)">1307.0     </nh4ppm>
         <no3ppm description="nitrate N concentration (ppm)">481.0     </no3ppm>
         <specific_area description="specific area of residue (ha/kg)">0.0001  </specific_area>
         <cf_contrib>1</cf_contrib>
      </goatmanure>
      <chikenmanure_base>
         <fom_type>cm</fom_type>
         <fraction_C description="fraction of Carbon in FOM (0-1)">0.374    </fraction_C>
         <pot_decomp_rate>0.1</pot_decomp_rate>
         <fr_c>0.0 0.50 0.50</fr_c>
         <fr_n>0.0 0.50 0.50</fr_n>
         <fr_p>0.0 0.50 0.50</fr_p>
         <po4ppm description="labile P concentration(ppm)">5.0     </po4ppm>
         <nh4ppm description="ammonium N concentration (ppm)">1307.0     </nh4ppm>
         <no3ppm description="nitrate N concentration (ppm)">481.0     </no3ppm>
         <specific_area description="specific area of residue (ha/kg)">0.0001  </specific_area>
         <cf_contrib>1</cf_contrib>
      </chikenmanure_base>
      <cm>
         <derived_from>chikenmanure_base</derived_from>
         <fraction_C description="fraction of Carbon in FOM (0-1)">0.277    </fraction_C>
         <nh4ppm description="ammonium N concentration (ppm)">2558.0     </nh4ppm>
         <no3ppm description="nitrate N concentration (ppm)">873.0     </no3ppm>
      </cm>
      <cmA>
         <derived_from>chikenmanure_base</derived_from>
         <fraction_C description="fraction of Carbon in FOM (0-1)">0.374    </fraction_C>
         <nh4ppm description="ammonium N concentration (ppm)">1307.0     </nh4ppm>
         <no3ppm description="nitrate N concentration (ppm)">481.0     </no3ppm>
      </cmA>
      <cmB>
         <derived_from>chikenmanure_base</derived_from>
         <fraction_C description="fraction of Carbon in FOM (0-1)">0.240    </fraction_C>
         <nh4ppm description="ammonium N concentration (ppm)">3009.0     </nh4ppm>
         <no3ppm description="nitrate N concentration (ppm)">36.0     </no3ppm>
      </cmB>
      <manB>
         <fom_type>manB</fom_type>
         <fraction_C description="fraction of Carbon in FOM (0-1)">0.08    </fraction_C>
         <pot_decomp_rate>0.1</pot_decomp_rate>
         <fr_c>0.1 0.01 0.89</fr_c>
         <fr_n>0.1 0.01 0.89</fr_n>
         <fr_p>0.1 0.01 0.89</fr_p>
         <po4ppm description="labile P concentration(ppm)">5.0     </po4ppm>
         <nh4ppm description="ammonium N concentration (ppm)">1307.0     </nh4ppm>
         <no3ppm description="nitrate N concentration (ppm)">481.0     </no3ppm>
         <specific_area description="specific area of residue (ha/kg)">0.0001  </specific_area>
         <cf_contrib>1</cf_contrib>
      </manB>
      <tithonia>
         <derived_from>base_type</derived_from>
         <fom_type>tithonia</fom_type>
         <specific_area description="specific area of residue (ha/kg)">0.0005  </specific_area>
      </tithonia>
      <bambatsi>
         <derived_from>base_type</derived_from>
         <fom_type>bambatsi</fom_type>
         <specific_area description="specific area of residue (ha/kg">0.0005  </specific_area>
      </bambatsi>
      <banana>
         <derived_from>base_type</derived_from>
         <fom_type>banana</fom_type>
         <specific_area description="specific area of residue (ha/kg">0.0002  </specific_area>
      </banana>
      <barley>
         <derived_from>base_type</derived_from>
         <fom_type>barley</fom_type>
         <specific_area description="specific area of residue (ha/kg">0.0005  </specific_area>
      </barley>
      <broccoli>
         <derived_from>base_type</derived_from>
         <fom_type>broccoli</fom_type>
         <specific_area description="specific area of residue (ha/kg">0.0004  </specific_area>
      </broccoli>
      <butterflypea>
         <derived_from>base_type</derived_from>
         <fom_type>butterflypea</fom_type>
         <specific_area description="specific area of residue (ha/kg">0.0004  </specific_area>
      </butterflypea>
      <camaldulensis>
         <derived_from>base_type</derived_from>
         <fom_type>camaldulensis</fom_type>
         <specific_area description="specific area of residue (ha/kg">0.0002  </specific_area>
      </camaldulensis>
      <canola>
         <derived_from>base_type</derived_from>
         <fom_type>canola</fom_type>
         <specific_area description="specific area of residue (ha/kg">0.0002  </specific_area>
      </canola>
      <centro>
         <derived_from>base_type</derived_from>
         <fom_type>centro</fom_type>
         <specific_area description="specific area of residue (ha/kg">0.0004  </specific_area>
      </centro>
      <chickpea>
         <derived_from>base_type</derived_from>
         <fom_type>chickpea</fom_type>
         <specific_area description="specific area of residue (ha/kg">0.0002  </specific_area>
      </chickpea>
      <cowpea>
         <derived_from>base_type</derived_from>
         <fom_type>cowpea</fom_type>
         <specific_area description="specific area of residue (ha/kg">0.0002  </specific_area>
      </cowpea>
      <danthonia>
         <derived_from>base_type</derived_from>
         <fom_type>danthonia</fom_type>
         <specific_area description="specific area of residue (ha/kg">0.0005  </specific_area>
      </danthonia>
      <pasture>
         <derived_from>base_type</derived_from>
         <fom_type>pasture</fom_type>
         <specific_area description="specific area of residue (ha/kg">0.0005  </specific_area>
      </pasture>
      <nativepasture>
         <derived_from>base_type</derived_from>
         <fom_type>nativepasture</fom_type>
         <specific_area description="specific area of residue (ha/kg">0.0005  </specific_area>
      </nativepasture>
      <pasture>
         <derived_from>base_type</derived_from>
         <fom_type>pasture</fom_type>
         <specific_area description="specific area of residue (ha/kg">0.0005  </specific_area>
      </pasture>
      <globulus>
         <derived_from>base_type</derived_from>
         <fom_type>globulus</fom_type>
         <specific_area description="specific area of residue (ha/kg">0.0002  </specific_area>
      </globulus>
      <grandis>
         <derived_from>base_type</derived_from>
         <fom_type>grandis</fom_type>
         <specific_area description="specific area of residue (ha/kg">0.0002  </specific_area>
      </grandis>
      <oilmallee>
         <derived_from>base_type</derived_from>
         <fom_type>oilmallee</fom_type>
         <specific_area description="specific area of residue (ha/kg">0.0002  </specific_area>
      </oilmallee>
      <fababean>
         <derived_from>base_type</derived_from>
         <fom_type>fababean</fom_type>
         <specific_area description="specific area of residue (ha/kg">0.0002  </specific_area>
      </fababean>
      <fieldpea>
         <derived_from>base_type</derived_from>
         <fom_type>fieldpea</fom_type>
         <specific_area description="specific area of residue (ha/kg">0.0002  </specific_area>
      </fieldpea>
      <grass>
         <derived_from>base_type</derived_from>
         <fom_type>grass</fom_type>
         <specific_area description="specific area of residue (ha/kg">0.0004  </specific_area>
      </grass>
      <lablab>
         <derived_from>base_type</derived_from>
         <fom_type>lablab</fom_type>
         <specific_area description="specific area of residue (ha/kg">0.0002  </specific_area>
      </lablab>
      <lentil>
         <derived_from>chickpea</derived_from>
      </lentil>
	  <lolium_rigidum>
         <derived_from>base_type</derived_from>
         <fom_type>lolium_rigidum</fom_type>
         <specific_area description="specific area of residue (ha/kg">0.0002  </specific_area>
      </lolium_rigidum>
      <lucerne>
         <derived_from>base_type</derived_from>
         <fom_type>lucerne</fom_type>
         <specific_area description="specific area of residue (ha/kg">0.0002  </specific_area>
      </lucerne>
      <lupin>
         <derived_from>base_type</derived_from>
         <fom_type>lupin</fom_type>
         <specific_area description="specific area of residue (ha/kg">0.0002  </specific_area>
      </lupin>
      <maize>
         <derived_from>base_type</derived_from>
         <fom_type>maize</fom_type>
         <specific_area description="specific area of residue (ha/kg">0.0004  </specific_area>
      </maize>
      <medic>
         <derived_from>lucerne</derived_from>
      </medic>
      <millet>
         <derived_from>base_type</derived_from>
         <fom_type>millet</fom_type>
         <specific_area description="specific area of residue (ha/kg">0.0004  </specific_area>
      </millet>
      <mucuna>
         <derived_from>base_type</derived_from>
         <fom_type>mucuna</fom_type>
         <specific_area description="specific area of residue (ha/kg">0.0002  </specific_area>
      </mucuna>
      <mungbean>
         <derived_from>base_type</derived_from>
         <fom_type>mungbean</fom_type>
         <specific_area description="specific area of residue (ha/kg">0.0002  </specific_area>
      </mungbean>
      <horsegram>
         <derived_from>base_type</derived_from>
         <fom_type>horsegram</fom_type>
         <specific_area description="specific area of residue (ha/kg">0.0002  </specific_area>
      </horsegram>
      <navybean>
         <derived_from>base_type</derived_from>
         <fom_type>navybean</fom_type>
         <specific_area description="specific area of residue (ha/kg">0.0002  </specific_area>
      </navybean>
      <frenchbean>
         <derived_from>base_type</derived_from>
         <fom_type>frenchbean</fom_type>
         <specific_area description="specific area of residue (ha/kg">0.0002  </specific_area>
      </frenchbean>
      <cotton>
         <derived_from>base_type</derived_from>
         <fom_type>cotton</fom_type>
         <specific_area description="specific area of residue (ha/kg">0.0002  </specific_area>
      </cotton>
      <oats>
         <derived_from>base_type</derived_from>
         <fom_type>oats</fom_type>
         <specific_area description="specific area of residue (ha/kg">0.0005  </specific_area>
      </oats>
      <oilpalm>
         <derived_from>base_type</derived_from>
         <fom_type>oilpalm</fom_type>
         <pot_decomp_rate>0.05</pot_decomp_rate>
         <specific_area description="specific area of residue (ha/kg">0.0002  </specific_area>
         <fraction_C description="fraction of Carbon in FOM (0-1)">0.44     </fraction_C>         
      </oilpalm>
      <oilpalmstem>
         <derived_from>base_type</derived_from>
         <fom_type>oilpalmstem</fom_type>
         <specific_area description="specific area of residue (ha/kg">0.000005  </specific_area>
         <fraction_C description="fraction of Carbon in FOM (0-1)">0.44     </fraction_C>         
         <fr_c>0.2 0.7 0.1</fr_c>
         <fr_n>0.2 0.7 0.1</fr_n>
         <fr_p>0.2 0.7 0.1</fr_p>         
      </oilpalmstem>
      <oilpalmunderstory>
         <derived_from>base_type</derived_from>
         <fom_type>oilpalmunderstory</fom_type>
         <specific_area description="specific area of residue (ha/kg">0.0002  </specific_area>
      </oilpalmunderstory>

      <orobanche>
         <derived_from>base_type</derived_from>
         <fom_type>orobanche</fom_type>
         <specific_area description="specific area of residue (ha/kg">0.0002  </specific_area>
      </orobanche>
      <peanut>
         <derived_from>base_type</derived_from>
         <fom_type>peanut</fom_type>
         <specific_area description="specific area of residue (ha/kg">0.0002  </specific_area>
      </peanut>
      <pigeonpea>
         <derived_from>base_type</derived_from>
         <fom_type>pigeonpea</fom_type>
         <specific_area description="specific area of residue (ha/kg">0.0002  </specific_area>
      </pigeonpea>
      <poppies>
         <derived_from>base_type</derived_from>
         <fom_type>poppies</fom_type>
         <specific_area description="specific area of residue (ha/kg">0.0005  </specific_area>
      </poppies>
      <potato>
         <derived_from>base_type</derived_from>
         <fom_type>potato</fom_type>
         <specific_area description="specific area of residue (ha/kg">0.0005  </specific_area>
      </potato>
      <raphanus_raphanistrum>
         <derived_from>base_type</derived_from>
         <fom_type>raphanus_raphanistrum</fom_type>
         <specific_area description="specific area of residue (ha/kg">0.0002  </specific_area>
      </raphanus_raphanistrum>
      <rice>
         <derived_from>base_type</derived_from>
         <fom_type>rice</fom_type>
         <specific_area description="specific area of residue (ha/kg">0.0005  </specific_area>
      </rice>
      <soybean>
         <derived_from>base_type</derived_from>
         <fom_type>soybean</fom_type>
         <specific_area description="specific area of residue (ha/kg">0.0002  </specific_area>
      </soybean>
      <sorghum>
         <derived_from>base_type</derived_from>
         <fom_type>sorghum</fom_type>
         <specific_area description="specific area of residue (ha/kg">0.0004  </specific_area>
      </sorghum>
      <stylo>
         <derived_from>base_type</derived_from>
         <fom_type>stylo</fom_type>
         <specific_area description="specific area of residue (ha/kg">0.0002  </specific_area>
      </stylo>
      <sugar>
         <derived_from>base_type</derived_from>
         <fom_type>sugar</fom_type>
         <specific_area description="specific area of residue (ha/kg">0.0007  </specific_area>
      </sugar>
      <sunflower>
         <derived_from>base_type</derived_from>
         <fom_type>sunflower</fom_type>
         <specific_area description="specific area of residue (ha/kg">0.0002  </specific_area>
      </sunflower>
      <sweetcorn>
         <derived_from>base_type</derived_from>
         <fom_type>sweetcorn</fom_type>
         <specific_area description="specific area of residue (ha/kg">0.0004  </specific_area>
      </sweetcorn>
      <sweetsorghum>
         <derived_from>base_type</derived_from>
         <fom_type>sweetsorghum</fom_type>
         <specific_area description="specific area of residue (ha/kg">0.0004  </specific_area>
      </sweetsorghum>
      <taro>
         <derived_from>base_type</derived_from>
         <fom_type>taro</fom_type>
         <specific_area description="specific area of residue (ha/kg">0.0002  </specific_area>
      </taro>
      <vetch>
         <derived_from>fieldpea</derived_from>
      </vetch>
      <weed>
         <derived_from>base_type</derived_from>
         <fom_type>weed</fom_type>
         <specific_area description="specific area of residue (ha/kg">0.0004  </specific_area>
      </weed>
      <WF_Millet>
         <derived_from>base_type</derived_from>
         <fom_type>WF_Millet</fom_type>
         <specific_area description="specific area of residue (ha/kg">0.0004  </specific_area>
      </WF_Millet>
      <wheat>
         <derived_from>base_type</derived_from>
         <fom_type>wheat</fom_type>
         <specific_area description="specific area of residue (ha/kg">0.0005  </specific_area>
      </wheat>
      <tillage>
         <!--  ________________________________
         plough     fraction      tillage
         type    incorporated     depth
         (0-1)          (mm)
         ________________________________
         -->
         <chisel>0.5           100.</chisel>
         <disc>0.5           200.</disc>
         <planter>0.1            50.</planter>
         <burn>1.0             0.</burn>
         <bw_chisel>1.0           100.</bw_chisel>
         <herbinc>0.1            50.</herbinc>
         <burn_95>.95            0.</burn_95>
         <graze>0.75            0.</graze>
         <scarifier>0.30          100.</scarifier>
         <pits>0.5           100.</pits>
         <rip>0.3           300.</rip>
         <blade>0.30          100.</blade>
         <sweep description="Pdev">0.30          100.   </sweep>
         <Cool_burn>0.7             0.</Cool_burn>
         <burn_90>  0.9             0.</burn_90>
         <tine>     1.0           100.</tine>
         <default>  1.0             1.</default>
         <decomp>  0.75           100.</decomp>
         <mix>      1.0           100.</mix>
         <hoe>      1.0           100.</hoe>
         <MTT_Plough>1.0          200.</MTT_Plough>     <!--Cultivation type specified for intensive tillage treatments in MTT  HEB Oct 2009-->
         <MTT_Disc>  0.8          100.</MTT_Disc>   <!--Cultivation type specified for minimum tillage treatments in MTT  HEB Oct 2009--> 
         <MTT_Drill> 0.05          50. </MTT_Drill>      <!--Cultivation type specified for non tillage treatments in MTT  HEB Oct 2009-->
         <MTT_Bale>  0.8           0. </MTT_Bale>      <!--Cultivation type specified for non tillage treatments in MTT  HEB Oct 2009-->
         <Tread>     0.5          100  </Tread>         <!-- cultivation type specified to produce the effect that treading and worms would move residues from the surface into the top 70 mm-->
         <bale_cereal_straw>     0.5          0  </bale_cereal_straw>         <!-- bale to remove straw left in harvester wind rows-->
         <bale_grass_straw>      0.7          0  </bale_grass_straw>         <!-- bale to remove straw left in harvester wind rows, greater proportion because grass is harvested lower than cereal-->
         <bale_legume_straw>     0.9          0  </bale_legume_straw>         <!-- bale to remove straw left in harvester wind rows, greather proportion because legumes are harvested lower than cereal-->
         <graze_cereal_forage>   0.9         0  </graze_cereal_forage>         <!-- bale to remove straw left in harvester wind rows, greather proportion because legumes are harvested lower than cereal-->
         <graze_kale_forage>     0.85         0  </graze_kale_forage>         <!-- bale to remove straw left in harvester wind rows, greather proportion because legumes are harvested lower than cereal-->
         <carry_cereal_forage>   0.95          0  </carry_cereal_forage>         <!-- bale to remove straw left in harvester wind rows, greather proportion because legumes are harvested lower than cereal-->
     </tillage>
   </Model>
   
</Type>
