<Type name="lupin">
  <MetaData>
    <UItype>CSUserInterface.EmptyUI</UItype>
    <IsCrop>Yes</IsCrop>
    <ShowInMainTree>Yes</ShowInMainTree>
    <Image>%apsim%\UserInterface\Images\lupin.jpg</Image>
    <Description>Most APSIM crop or plant modules do not require extra user input.  Crop specific parameters are either provided for your chosen soil, or are captured as part of the standard model validation process.</Description>
    <Documentation>%apsim%\Documentation\Model,CropandSoil\CropModuleDocumentation\Lupin.html</Documentation>
    <Documentation name="Generic plant documentation">%apsim%\Documentation\Model,CropandSoil\CropModuleDocumentation\Plant.html</Documentation>
    <LargeIcon>%apsim%\UserInterface\Images\lupin32.png</LargeIcon>
    <SmallIcon>%apsim%\UserInterface\Images\lupin16.png</SmallIcon>
    <dll>%apsim%/Model/Plant.%dllext%</dll>
    <drops>
      <drop>toolbox</drop>
      <drop>area</drop>
      <drop>simulation</drop>
      <drop>folder</drop>
    </drops>
    <ApsimToSim>
      <component name="[Lupin.name]" executable="[dll]" class="Plant.Lupin">
        <executable name="[dll]" version="1.0" />
        <initdata>
               [Model]
               <ll>[soil.[InstanceName] ll]</ll><kl>[soil.[InstanceName] kl]</kl><xf>[soil.[InstanceName] xf]</xf></initdata>
      </component>
    </ApsimToSim>
  </MetaData>
  <Model>
    <!--    Last change     MJR 13 Nov 2003
      Last Change:   JNGH/MJR         26 March 2003 -
      Configuration constants have been altered
      Externalisation of phenology after harvest -
      When the crop is harvested, phenology is wound back to a previous stage.
      This has been externalised in a table in the ini file.
      The table used is defined by two keywords -  stage_code and stage_stem_reduction_harvest.
      This allows definition of a new stage to follow harvesting within any phenological stage.
      New Kill_stem manager action for severe frosting of perennials -
      A new kill_stem manager action e.g. lucerne kill_stem.
      When this action is used, phenology is wound back using a new table specified in the ini file.
      The keywords are - stage_code and stage_stem_reduction_kill_stem.
      On this action, the regrowth class is read from the ini file, as for a harvest action.
      Interpolation of rue against phenological stage -
      Rue is now interpolated from a table read from the ini file.
      The table is specified by the two keywords - x_stage_code_rue and  y_rue where y_rue is the rue
      at the corresponding stage in x_stage_code_rue. The previous rue keyword is now obsolete.
      A new optional cultivar parameter eo_crop_factor has been implemented. This is used to limit the
      soilwater demand by the transpiration efficiency method. The limit is calculated as
      eo_crop_factor * eo * cover_green. A default (eo_crop_factor_default) is read from the ini file and
      is currently to 100 so it is effectively turned off for backwards compatibility.
      Unused configuration constants removed -
      X_temp_grain
      Y_grain_rate
      Leaf_app_rate1
      Leaf_app_rate2
      Leaf_no_rate_change
      !! last last change IF 21 Sep 2001
      Last change:  MJR 12 Dec 2000
      ***********************************************************************************************************
      CONSTANTS  - SPECIES-SPECIFIC PARAMETERS
      ***********************************************************************************************************
      -->
    <options>
      <Environment />
      <Population />
      <Fixation />
      <Phenology />
      <Root />
      <GenericArbitrator />
      <GenericLeaf name="leaf" />
      <Stem />
      <CompositePart name="Fruit">
        <FruitCohort name="Cohort1">
          <FruitPodPart name="Pod" />
          <FruitGrainPartHI name="Grain" />
        </FruitCohort>
      </CompositePart>
      <Parts name="Tops">
        <Leaf />
        <Stem />
        <Fruit />
      </Parts>
      <Parts name="Grain1">
        <Fruit.Cohort1.Grain />
      </Parts>
    </options>
    <RadiationPartitioningOrder>fruit leaf</RadiationPartitioningOrder>
    <crop_type>lupin</crop_type>
    <default_crop_class>plant</default_crop_class>
    <default_cultivar>belara</default_cultivar>
    <stress_determinants>leaf stem meal</stress_determinants>
    <yield_parts>meal oil</yield_parts>
    <retrans_parts>leaf stem</retrans_parts>
    <!-- %%%%%%%%%%%%%%%%%%%%%%%%%%%%%%%%%%%%%%%%%%%%%%%%%%%%%%%%%%%%%%%%%%%%%%%%%%%%%%%%%%%%%%%%%%%%%%%%%%%%%%%%%%%
      SECTION - VALUE LIMITS - MAX AND MINS
      %%%%%%%%%%%%%%%%%%%%%%%%%%%%%%%%%%%%%%%%%%%%%%%%%%%%%%%%%%%%%%%%%%%%%%%%%%%%%%%%%%%%%%%%%%%%%%%%%%%%%%%%%%%
      ______________________________________________________________________________
      OTHER VARIABLES
      limits set to check inputs
      -->
    <sw_ub>1.0</sw_ub>
    <sw_lb>0.0</sw_lb>
    <year_ub description="year upper limit">2000</year_ub>
    <year_lb description="year lower limit">1800</year_lb>
    <latitude_ub units="oL" description="latitude upper limit">90</latitude_ub>
    <latitude_lb units="oL" description="latitude lower limit">-90</latitude_lb>
    <maxt_ub units="oC" description="max. temperature upper limit">55</maxt_ub>
    <maxt_lb units="oC" description="max. temperature lower limit">0</maxt_lb>
    <mint_ub units="oC" description="min. temperature upper limit">40</mint_ub>
    <mint_lb units="oC" description="min. temperature lower limit">-10</mint_lb>
    <radn_ub units="MJ/m^2" description="radiation upper limit">50</radn_ub>
    <radn_lb units="MJ/m^2" description="radiation lower limit">1</radn_lb>
    <dlayer_ub units="mm" description="layer depth upper limit">1000</dlayer_ub>
    <dlayer_lb units="mm" description="layer depth lower limit">0</dlayer_lb>
    <dul_dep_ub units="mm" description="drained upper limit upper limit">1000</dul_dep_ub>
    <dul_dep_lb units="mm" description="drained upper limit lower limit">0</dul_dep_lb>
    <sw_dep_ub units="mm" description="soil water upper limit">1000</sw_dep_ub>
    <sw_dep_lb units="mm" description="soil water lower limit">0</sw_dep_lb>
    <no3_ub units="kg/ha" description="soil nitrate upper limit">10000</no3_ub>
    <no3_lb units="kg/ha" description="soil nitrate lower limit">0</no3_lb>
    <no3_min_ub units="kg/ha" description="min. soil nitrate upper limit">10000</no3_min_ub>
    <no3_min_lb units="kg/ha" description="min. soil nitrate lower limit">0</no3_min_lb>
    <nh4_ub units="kg/ha" description="soil ammonium upper limit">10000</nh4_ub>
    <nh4_lb units="kg/ha" description="soil ammonium lower limit">0</nh4_lb>
    <nh4_min_ub units="kg/ha" description="min. soil ammonium upper limit">10000</nh4_min_ub>
    <nh4_min_lb units="kg/ha" description="min. soil ammonium lower limit">0</nh4_min_lb>
    <!-- %%%%%%%%%%%%%%%%%%%%%%%%%%%%%%%%%%%%%%%%%%%%%%%%%%%%%%%%%%%%%%%%%%%%%%%%%%%%%%%%%%%%%%%%%%%%%%%%%%%%%%%%%%%
      SECTION 1 - CROP PHENOLOGY: Stage and Phase names
      %%%%%%%%%%%%%%%%%%%%%%%%%%%%%%%%%%%%%%%%%%%%%%%%%%%%%%%%%%%%%%%%%%%%%%%%%%%%%%%%%%%%%%%%%%%%%%%%%%%%%%%%%%%
      -->
    <stage_code_list>1         2          3         4                5               6           7               8             9            10       12</stage_code_list>
    <phase_names>sowing germination emergence end_of_juvenile floral_initiation flowering start_grain_fill end_grain_fill maturity harvest_ripe end_crop</phase_names>
    <phase_type>sowing    emergent   inductive     photo            photo         photo        photo           fixed       fixed      fixed      waiting</phase_type>
    <composite_phases>under_ground above_ground grainfill reproductive leaf_senescence vernalisation  emergence2floral_initiation preflowering node_formation start_grain_fill2harvest_ripe hi_stress_sensitive stress_reporting  n_stress</composite_phases>
    <under_ground>sowing germination</under_ground>
    <above_ground>emergence end_of_juvenile floral_initiation flowering start_grain_fill end_grain_fill maturity harvest_ripe</above_ground>
    <leaf_senescence>flowering start_grain_fill end_grain_fill maturity harvest_ripe</leaf_senescence>
    <reproductive>flowering start_grain_fill end_grain_fill</reproductive>
    <grainfill>start_grain_fill end_grain_fill</grainfill>
    <vernalisation>germination emergence end_of_juvenile</vernalisation>
    <emergence2floral_initiation>emergence end_of_juvenile floral_initiation</emergence2floral_initiation>
    <start_grain_fill2harvest_ripe>start_grain_fill end_grain_fill maturity</start_grain_fill2harvest_ripe>
    <preflowering>emergence end_of_juvenile floral_initiation</preflowering>
    <node_formation>emergence end_of_juvenile floral_initiation flowering start_grain_fill end_grain_fill</node_formation>
    <hi_stress_sensitive>flowering</hi_stress_sensitive>
    <stress_reporting>end_of_juvenile floral_initiation flowering start_grain_fill end_grain_fill</stress_reporting>
    <n_stress>emergence end_of_juvenile floral_initiation flowering start_grain_fill end_grain_fill maturity harvest_ripe</n_stress>
    <plant class="yes">
      <class_action>harvest</class_action>
      <class_change>unchanged</class_change>
      <partition_option>1</partition_option>
      <partitionparts>root  fruit  leaf stem</partitionparts>
      <partitionrules>magic demand frac remainder</partitionrules>
      <n_uptake_option>1</n_uptake_option>
      <leaf_no_pot_option>1</leaf_no_pot_option>
      <n_retrans_option>1</n_retrans_option>
      <dm_senescence_option>1</dm_senescence_option>
      <n_senescence_option>1</n_senescence_option>
      <n_stress_option>1</n_stress_option>
      <fruit_no_option>1</fruit_no_option>
      <parasite_option>1</parasite_option>
      <!-- %%%%%%%%%%%%%%%%%%%%%%%%%%%%%%%%%%%%%%%%%%%%%%%%%%%%%%%%%%%%%%%%%%%%%%%%%%%%%%%%%%%%%%%%%%%%%%%%%%%%%%%%%%%
         SECTION 0 - CO2
         %%%%%%%%%%%%%%%%%%%%%%%%%%%%%%%%%%%%%%%%%%%%%%%%%%%%%%%%%%%%%%%%%%%%%%%%%%%%%%%%%%%%%%%%%%%%%%%%%%%%%%%%%%%
         -->
      <photosynthetic_pathway units="C3, or C4">C3</photosynthetic_pathway>
      <!-- %%%%%%%%%%%%%%%%%%%%%%%%%%%%%%%%%%%%%%%%%%%%%%%%%%%%%%%%%%%%%%%%%%%%%%%%%%%%%%%%%%%%%%%%%%%%%%%%%%%%%%%%%%%
         SECTION 1 - CROP PHENOLOGY: DEVELOPMENT PARAMETERS
         %%%%%%%%%%%%%%%%%%%%%%%%%%%%%%%%%%%%%%%%%%%%%%%%%%%%%%%%%%%%%%%%%%%%%%%%%%%%%%%%%%%%%%%%%%%%%%%%%%%%%%%%%%%
         -->
      <stage_names description="stage names">sowing germination emergence end_of_juvenile floral_initiation flowering start_grain_fill end_grain_fill maturity harvest_ripe end_crop </stage_names>
      <!--                       sow    ger   eme  juv    fi    fl   st_gf end_gf  mat hv_rpe  end
         -->
      <stage_code description="numeric code for phenological stages">1      2    3     4     5     6     7      8     9    10     11</stage_code>
      <!-- __________________________________________________________________________________________________________-
         STEM REDUCTION EFFECT ON PHENOLOGY
         sow    ger   eme  juv    fi    fl   st_gf end_gf  mat hv_rpe  end
         -->
      <stage_code_list description="numeric code for phenological stages">1      2    3     4     5     6     7      8     9    10     11</stage_code_list>
      <stage_stem_reduction_harvest>1      2    3     3     4     4    11     11    11    11    11</stage_stem_reduction_harvest>
      <stage_stem_reduction_kill_stem>1      2    3     3     4     4    11     11    11    11    11</stage_stem_reduction_kill_stem>
      <!-- __________________________________________________________________________________________________________-
         SEED GERMINATION
         Water stress factor for germination
         -->
      <pesw_germ units="mm/mm" description="plant extractable soil water in seedling layer inadequate for germination (mm/mm)">0.00</pesw_germ>
      <!-- pesw_germ = -9.00 (mm/mm)  !value used to force germination to occur immediately after sowing. Allows germination in very dry soils
         __________________________________________________________________________________________________________-
         EMERGENCE
         -->
      <shoot_lag units="oCd" description="Time lag before linear coleoptile growth starts (deg days)">20.0</shoot_lag>
      <shoot_rate units="oCd/mm" description="Growing deg day increase with depth for coleoptile (deg day/mm depth)">2.0</shoot_rate>
      <!-- Water stress factor for emergence
         -->
      <fasw_emerg description="Fraction of available soil water">0.0  1.0    </fasw_emerg>
      <rel_emerg_rate description="Stress factor for thermal time calculation between germination and emergence">1.0  1.0    </rel_emerg_rate>
      <!-- __________________________________________________________________________________________________________-
         PHOTOPERIOD AND TWILIGHT
         -->
      <twilight units="o" description="Twilight is defined as the interval between sunrise or sunset and the time when the true">-6.0</twilight>
      <!--  centre of the sun is 2.2 degrees below the horizon. Sunrise or sunset is defined as when
         the true centre of the sun is 50' below the horizon.
         __________________________________________________________________________________________________________-
         Vernalisation
         -->
      <x_vernal_temp description="vernal temp and vernal days as in canola, on from 26-05-02">0 2  8   15    </x_vernal_temp>
      <y_vernal_days>0 1  0.5  0</y_vernal_days>
      <!-- __________________________________________________________________________________________________________-
         THERMAL TIME CALCULATION
         Thermal time calculation
         -->
      <x_temp units="oC" description="temperature table for thermal time">0.0  20.0  30.0</x_temp>
      <y_tt units="oCd" description="thermal time">0.0  20.0  0.0</y_tt>
      <!-- !y_tt                    = 0.0  20.0  30.0    !!wrong! used until 19-04-01    (oCd)  ! thermal time
         __________________________________________________________________________________________________________-
         LEAF NUMBER DEVELOPMENT
         currently leaf number at emergence will affect LAI at early stage, leaf_no_seed has no effect on the model, but will have in future
         -->
      <leaf_no_at_emerg description="Emergence is defined as cotyledon visible, therefore no fully expanded leaves yet 1.0     ! (expanded) leaf number at emergence ()">0.1    </leaf_no_at_emerg>
      <!-- leave number above which leave number/node changes from 1 to 12.3
         -->
      <x_node_no_app>0    6.99  7    20</x_node_no_app>
      <y_node_app_rate description="node appearance rate is 38 C d for all nodes">40   40    40    40    </y_node_app_rate>
      <x_node_no_leaf description="step function">0    6.99 7    24.99      </x_node_no_leaf>
      <y_leaves_per_node description="30-8-01 from paper D1">1    1   12.3  12.3       </y_leaves_per_node>
      <x_lai_ratio description="ratio table for critical leaf size below which leaf number is reduced ()">0.0  0.2 1.0</x_lai_ratio>
      <y_leaf_no_frac description="reduction in leaf appearance ()">0.0  1.0 1.0</y_leaf_no_frac>
      <!-- %%%%%%%%%%%%%%%%%%%%%%%%%%%%%%%%%%%%%%%%%%%%%%%%%%%%%%%%%%%%%%%%%%%%%%%%%%%%%%%%%%%%%%%%%%%%%%%%%%%%%%%%%%%
         SECTION 2 - PHOTOSYNTHESIS, BIOMASS GROWTH AND PARTITION
         %%%%%%%%%%%%%%%%%%%%%%%%%%%%%%%%%%%%%%%%%%%%%%%%%%%%%%%%%%%%%%%%%%%%%%%%%%%%%%%%%%%%%%%%%%%%%%%%%%%%%%%%%%%
         %%%%%%%%%%%%%%%%%%%%%%%%%%%%%%%%%%%%%%%%%%%%%%%%%
         PHOTOSYNTHESIS AND RADIATION USE EFFICIENCY (RUE)
         %%%%%%%%%%%%%%%%%%%%%%%%%%%%%%%%%%%%%%%%%%%%%%%%%
         STAGE DEPENDENT RUE
         sow    ger   eme  juv    fi    fl   st_gf end_gf  mat hv_rpe  end
         stage_code            = 1      2    3     4     5     6     7      8     9    10     11  ()
         x_stage_code_rue = 1      2    3     4     5     6     7      8     9      10    11  ()     ! numeric code for phenological stages
         y_rue            = 0      0   0.80  0.80  0.80  0.80  0.80  0.60    0      0.0   0  (g/MJ) !29-05-02
         -->
      <x_stage_rue description="numeric code for phenological stages">1      2    3     4     5     6     7    7.999   8     8.999   9      10    11</x_stage_rue>
      <y_rue units="g/MJ" description="29-05-02">0      0   0.80  0.80  0.80  0.80  0.80  0.80   0.60    0.60   0      0.0   0</y_rue>
      <!-- __________________________________________________________________________________________________________-
         EXTINCTION COEFFICIENT
         ROW SPACING DETERMINED
         -->
      <skiprow_default>0</skiprow_default>
      <row_spacing_default units="mm">350</row_spacing_default>
      <x_row_spacing>200  350  1000</x_row_spacing>
      <y_extinct_coef>0.85 0.85 0.85</y_extinct_coef>
      <y_extinct_coef_dead>0.30 0.30 0.30</y_extinct_coef_dead>
      <!-- POD EXTINCTION COEFFICIENT and RUE
         -->
      <extinct_coef_pod>0.0</extinct_coef_pod>
      <spec_pod_area units="mm^2/g">0.0</spec_pod_area>
      <rue_pod units="g/MJ">0.0</rue_pod>
      <!-- __________________________________________________________________________________________________________-
         TEMPERATURE RESPONSE OF PHOTOSYNTHESIS - RUE
         -->
      <x_ave_temp units="oC" description="mean daily temperature">0.0  10.0  22.0  40.0</x_ave_temp>
      <y_stress_photo description="multiplier on RUE">0.0   1.0   1.0   0.0</y_stress_photo>
      <!-- %%%%%%%%%%%%%%%%%%%%%%%%%%%%%%%%%%%%%%%%%%%%%%%%%
         BIOMASS INITIATION, PARTITION AND TRANSLOCATION
         %%%%%%%%%%%%%%%%%%%%%%%%%%%%%%%%%%%%%%%%%%%%%%%%%
         INITIATION
         -->
      <root_dm_init units="g/plant" description="part weight at emergence">0.2</root_dm_init>
      <leaf_dm_init>0.2</leaf_dm_init>
      <stem_dm_init>0.0</stem_dm_init>
      <pod_dm_init>0.0</pod_dm_init>
      <meal_dm_init>0.0</meal_dm_init>
      <oil_dm_init>0.0</oil_dm_init>
      <!-- __________________________________________________________________________________________________________-
         TRANSLOCATION PARTS
         -->
      <stemGrowthStructuralFractionStage>  7 7.01</stemGrowthStructuralFractionStage>
      <stemGrowthStructuralFraction>  .95 0.0</stemGrowthStructuralFraction>
      <leafGrowthStructuralFractionStage>  7 7.01</leafGrowthStructuralFractionStage>
      <leafGrowthStructuralFraction>  .95 0.0</leafGrowthStructuralFraction>
      <podGrowthStructuralFractionStage>  7 9</podGrowthStructuralFractionStage>
      <podGrowthStructuralFraction>  .60 .60</podGrowthStructuralFraction>
      <!-- __________________________________________________________________________________________________________-
         BIOMASS PARTITIONING
         sow    ger   eme  juv    fi    fl    st_gf end_gf  mat hv_rpe  end
         stage_code           = 1      2    3     4     5     6      7      8     9    10     11   ()
         -->
      <ratio_root_shoot units="0-1">0      0    1.0   1.0   1.00  0.33   0.087  0     0     0      0</ratio_root_shoot>
      <frac_leaf units="0-1" description="fraction of remaining dm allocated to leaves">0      0    0.50  0.50  0.50  0.40   0.20   0.05  0     0      0</frac_leaf>
      <frac_pod units="0-1" description="011102! fraction of dm allocated to pod or multiplier of grain dm to account for pod dm">0      0    0     0     0     0.10   1.0   1.0  0     0      0</frac_pod>
      <!-- __________________________________________________________________________________________________________-
         GRAIN NUMBER DETERMINATION
         __________________________________________________________________________________________________________-
         GRAIN FILLING
         -->
      <sw_fac_max description="soil water stress factor maximum">1.125</sw_fac_max>
      <temp_fac_min description="temperature stress factor minimum">0.69</temp_fac_min>
      <sfac_slope description="soil water stress factor slope">-0.125</sfac_slope>
      <tfac_slope description="temperature stress factor slope">0.0125</tfac_slope>
      <carbo_oil_conv_ratio description="Carbohydrate:oil conversion ratio (&gt;= 1.0)">1                  </carbo_oil_conv_ratio>
      <grain_oil_conc description="fractional oil content of grain (0-1)">0.0                </grain_oil_conc>
      <!-- __________________________________________________________________________________________________________-
         GRAIN WATER CONTENT
         -->
      <grn_water_cont units="g/g" description="water content of grain g/g">0.12</grn_water_cont>
      <!-- %%%%%%%%%%%%%%%%%%%%%%%%%%%%%%%%%%%%%%%%%%%%%%%%%%%%%%%%%%%%%%%%%%%%%%%%%%%%%%%%%%%%%%%%%%%%%%%%%%%%%%%%%%%
         SECTION 3 - LEAF/STEM/POD AREA GROWTH
         %%%%%%%%%%%%%%%%%%%%%%%%%%%%%%%%%%%%%%%%%%%%%%%%%%%%%%%%%%%%%%%%%%%%%%%%%%%%%%%%%%%%%%%%%%%%%%%%%%%%%%%%%%%
         ______________________________________________________________________________
         LEAF SIZE AS A FUNCTION OF LEAF NUMBER
         -->
      <node_no_correction>0.0</node_no_correction>
      <x_node_no description="!*** IF, 5-9-00, estimated from Lupin Book">1   7   8   9   11  13   15  17   19    21   </x_node_no>
      <y_leaf_size description="!*** IF, 29may02, decreasing leave sizes from node 7 on">400 400 300 250 300 350  400 450  550   600 </y_leaf_size>
      <!-- ______________________________________________________________________________
         SPECIFIC LEAF AREA - SLA
         -->
      <x_lai>0     8</x_lai>
      <y_sla_max description="29may02 trying lower slamax 35000 35000           ! maximum specific leaf area for delta LAI">30000  30000 </y_sla_max>
      <sla_min description="minimum specific leaf area for delta LAI">10000           </sla_min>
      <!-- ______________________________________________________________________________
         TPLA  - USED TO INTIALISE THE INITIAL LAI
         -->
      <initial_tpla description="28-05-02 IF !100   !estimated as of 2 cotyledons on 50% of plants !500.0    (mm^2/plant)  ! initial total plant leaf area">50.0 </initial_tpla>
      <!-- ______________________________________________________________________________
         HARVESTING EFFECTS ON LEAF AREA
         -->
      <fr_height_cut>0.0  0.1    1</fr_height_cut>
      <fr_stem_remain>0.0  0.2    1</fr_stem_remain>
      <!-- %%%%%%%%%%%%%%%%%%%%%%%%%%%%%%%%%%%%%%%%%%%%%%%%%%%%%%%%%%%%%%%%%%%%%%%%%%%%%%%%%%%%%%%%%%%%%%%%%%%%%%%%%%%
         SECTION 4 - ROOT DEPTH AND ROOT LENGTH GROWTH
         %%%%%%%%%%%%%%%%%%%%%%%%%%%%%%%%%%%%%%%%%%%%%%%%%%%%%%%%%%%%%%%%%%%%%%%%%%%%%%%%%%%%%%%%%%%%%%%%%%%%%%%%%%%
         __________________________________________________________________________________________________________-
         ROOTING DEPTH
         sow    ger   eme  juv    fi    fl   st_gf end_gf  mat hv_rpe  end
         stage_code           = 1      2    3     4     5     6     7      8     9    10     11  ()
         -->
      <root_depth_rate units="mm/d" description="!22 oct 02">0      0   44.0  44.0  44.0  44.0  44.0   44.0  0.0  0.0    0</root_depth_rate>
      <!-- Effect of sw_supply_demand_ratio on root depth increase
         -->
      <x_ws_root description="sw_supply_demand_ratio">0   1   </x_ws_root>
      <y_ws_root_fac description="effect of supply_demand_ratio on root depth increase">1   1   </y_ws_root_fac>
      <!-- x_sw_ratio = [sw_dep(lay)-ll_dep(lay)]/[dul_dep(lay)-ll_dep(lay)] in the deepest root layer
         -->
      <x_sw_ratio description="water availability for effects on root depth growth">0.0 0.25</x_sw_ratio>
      <y_sw_fac_root description="stress factor for root depth growth, This may be probably the same for all crops">0   1</y_sw_fac_root>
      <x_afps description="Air filled pore space for effects on root depth growth">0.0 0.02</x_afps>
      <y_afps_fac_root description="Air filled pore space factor for root depth growth">1   1</y_afps_fac_root>
      <!-- __________________________________________________________________________________________________________-
         TEMPERATURE EFFECT ON ROOT ADVANCE
         -->
      <x_temp_root_advance>0 20 32</x_temp_root_advance>
      <y_rel_root_advance>0 1  0</y_rel_root_advance>
      <!-- __________________________________________________________________________________________________________-
         ROOT LENGTH CALCULATION
         -->
      <initial_root_depth description="21oct02 150 (mm)          ! initial depth of roots (mm)">100  </initial_root_depth>
      <specific_root_length units="mm/g">45500</specific_root_length>
      <!-- The following can increase or decrease the root length density in a layer based on the rld per plant
         -->
      <x_plant_rld units="mm/mm3/plant" description="root branching">0   0.0001  0.0003</x_plant_rld>
      <y_rel_root_rate units="0-1">1.0   1.0   1.0</y_rel_root_rate>
      <!-- %%%%%%%%%%%%%%%%%%%%%%%%%%%%%%%%%%%%%%%%%%%%%%%%%%%%%%%%%%%%%%%%%%%%%%%%%%%%%%%%%%%%%%%%%%%%%%%%%%%%%%%%%%%
         SECTION 5 - WATER RELATIONS AND WATER STRESS FACTORS
         %%%%%%%%%%%%%%%%%%%%%%%%%%%%%%%%%%%%%%%%%%%%%%%%%%%%%%%%%%%%%%%%%%%%%%%%%%%%%%%%%%%%%%%%%%%%%%%%%%%%%%%%%%%
         STAGE DEPENDENT TRANSPIRATION EFFICIENCY COEFFICIENTS
         Transpiration efficiency coefficient to convert vpd to transpiration efficiency (kpa)
         The following transp_eff_cf values are
         in the form kpa/g carbo per m^2 / g water per m^2 (kpa/g carbo per m^2 / mm water) because 1g water = 1 cm^3 water
         sow    ger   eme   juv     fi    fl     st_gf   end_gf  mat  hv_rpe  end
         stage_code           = 1      2     3     4      5      6      7       8      9     10     11  ()transp_eff_cf         = 0      0    .0055  .0055  .0055  .0055  .0055  .0055   .0025 .00    0 (Pa)   !28may02 IF, try increase
         -->
      <transp_eff_cf units="Pa" description="28may02 IF, try increase">0      0    .0055  .0055  .0055  .0055  .0055  .0055   .0025 .00    0</transp_eff_cf>
      <!-- __________________________________________________________________________________________________________-
         VPD FRACTION
         Fraction of distance between svp at min temp and svp at max temp where average svp during transpiration lies.
         -->
      <svp_fract description="(0-1)">0.75  </svp_fract>
      <eo_crop_factor_default description="default crop factor for limiting soil">100.0  </eo_crop_factor_default>
      <!--  water demand to some fraction/multiple
         of atmospheric potential.
         __________________________________________________________________________________________________________-
         WATER STRESS FACTORS FOR PHOTOSYNTHESIS, EXPANSION AND DEVELOPMENT
         swdef_photo for photosynthesis is calculated in the code as = sw_supply_sum/sw_demand - function crop_swdef_photo
         For expansion growth, more sensitive than other growth processes
         x_sw_demand_ratio = sw_supply_sum/sw_demand
         -->
      <x_sw_demand_ratio description="water availability">0.1 1.1</x_sw_demand_ratio>
      <y_swdef_leaf description="stress indices">0   1</y_swdef_leaf>
      <!-- For phenology stress factor based on available soil water portion
         -->
      <x_sw_avail_ratio description="water availability">0.0 0.16</x_sw_avail_ratio>
      <y_swdef_pheno description="stress index for phenology">1.0 1.0</y_swdef_pheno>
      <x_sw_avail_ratio_flowering description="water availability">0.2   0.50  1.0</x_sw_avail_ratio_flowering>
      <y_swdef_pheno_flowering description="stress index for flowering phenology">1.0   1.0    1.0</y_swdef_pheno_flowering>
      <x_sw_avail_ratio_start_grain_fill description="water availability">0.2   0.50   1.0</x_sw_avail_ratio_start_grain_fill>
      <y_swdef_pheno_start_grain_fill description="stress index for grainfilling phenology">1.0   1.0    1.0</y_swdef_pheno_start_grain_fill>
      <!-- __________________________________________________________________________________________________________-
         WATERLOGGING STRESS (OXYGEN DEFICIT) FACTOR FOR PHOTOSYNTHESIS
         ! no effect- released version
         oxdef_photo_rtfr        = 0.0  0.8   1.0         ()     ! fraction of roots waterlogged for effect on photosynthesis
         oxdef_photo             = 1.0  1.0   1.0         (0-1)  ! stress index on photosynthesis
         !7-8-03, used in lupin validn paper
         -->
      <oxdef_photo_rtfr description="fraction of roots waterlogged for effect on photosynthesis">0.0  0.4   1.0</oxdef_photo_rtfr>
      <oxdef_photo units="0-1" description="stress index on photosynthesis">1.0  1.0   1.0</oxdef_photo>
      <!-- !8-8-03, trying
         oxdef_photo_rtfr        = 0.0  0.6   1.0         ()     ! fraction of roots waterlogged for effect on photosynthesis
         oxdef_photo             = 1.0  1.0   0.0         (0-1)  ! stress index on photosynthesis
         %%%%%%%%%%%%%%%%%%%%%%%%%%%%%%%%%%%%%%%%%%%%%%%%%%%%%%%%%%%%%%%%%%%%%%%%%%%%%%%%%%%%%%%%%%%%%%%%%%%%%%%%%%%
         SECTION 6 -NITROGEN RELATIONS, UPTAKE AND STRESS FACTORS
         %%%%%%%%%%%%%%%%%%%%%%%%%%%%%%%%%%%%%%%%%%%%%%%%%%%%%%%%%%%%%%%%%%%%%%%%%%%%%%%%%%%%%%%%%%%%%%%%%%%%%%%%%%%
         ______________________________________________________________________________
         UPTAKE PREFERENCE AND CONSTANTS
         preference for n supply - it is assumed that mass flow is always predominant, but further crop preference can
         be specified as follows:
         'active'   = diffusive flow before fixation
         'fixation' = fixed N before active uptake.
         -->
      <n_supply_preference description="8-10-03 discussed with Mike">fixation   </n_supply_preference>
      <!-- Time constant for N uptake by diffusion. H van Keulen &  NG Seligman. Purdoe 1987.
         This is the  time it would take to remove, by diffusion, current amount of N if it wasn't depleted between time steps
         -->
      <no3_diffn_const units="days">2.0</no3_diffn_const>
      <!-- ______________________________________________________________________________
         LEGUME N FIXATION RATE - potential rate of N fixation (g N fixed per g above ground biomass)
         sow    ger   eme  juv    fi    fl   st_gf end_gf  mat hv_rpe  end
         stage_code           = 1      2    3     4     5     6     7      8     9    10     11  ()
         -->
      <N_fix_rate units="gN/gDM">0      0    0     0.001 0.002 0.002 0.001  0.0003 0.0   0.0    0</N_fix_rate>
      <x_sw_avail_fix description="soil water ratio for effect on N fixation">0.0  0.50  0.95  1.0</x_sw_avail_fix>
      <y_swdef_fix units="0-1" description="stress index on N fixation">0.0  1.0   1.0   1.0</y_swdef_fix>
      <!-- ______________________________________________________________________________
         NITROGEN STRESS FACTORS FOR PHOTOSYNTHESIS,LEAF GROWTH AND DEVELOPMENT
         -->
      <N_fact_photo description="multipler for N deficit effect on photosynthesis">1.25    </N_fact_photo>
      <N_fact_expansion description="multipler for N deficit effect on leaf expansion">100     </N_fact_expansion>
      <N_fact_pheno description="multipler for N deficit effect on phenology">5.75    </N_fact_pheno>
      <N_fact_grain description="multipler for N deficit effect on grain">1.00    </N_fact_grain>
      <!-- ______________________________________________________________________________
         NITROGEN CONCENTRATION LIMITS: MAX. CRITICAL AND MINIMUM N CONCENTRATIONS
         IF, 21 Sept 01, values differeing from Chickpea.ini, are from Farrington et al. 1977)
         emerg  juv     flower  st_gf  maturity
         -->
      <x_stage_code description="stage code used in table">3      4       6       7      9</x_stage_code>
      <y_n_conc_max_leaf description="leaf maximum N conc.">0.0900 0.0650  0.0450  0.0320 0.0250</y_n_conc_max_leaf>
      <y_n_conc_crit_leaf description="leaf critical N conc.">0.0700 0.0550  0.0400  0.0250 0.020</y_n_conc_crit_leaf>
      <y_n_conc_min_leaf description="leaf minimum N conc.">0.0300 0.0250  0.0200  0.0150 0.0100</y_n_conc_min_leaf>
      <y_n_conc_max_stem description="stem maximum N conc.">0.0800 0.0500  0.0300  0.0220 0.0200</y_n_conc_max_stem>
      <y_n_conc_crit_stem description="stem critical N conc.">0.0600 0.0350  0.0250  0.0150 0.015</y_n_conc_crit_stem>
      <y_n_conc_min_stem description="stem minimum N conc.">0.0200 0.0250  0.0150  0.0050 0.0050</y_n_conc_min_stem>
      <y_n_conc_max_pod description="pod maximum N conc.">0.0800 0.0600  0.0350  0.0270 0.0250</y_n_conc_max_pod>
      <y_n_conc_crit_pod description="pod critical N conc.">0.0600 0.0450  0.0300  0.020 0.020</y_n_conc_crit_pod>
      <y_n_conc_min_pod description="pod minimum N conc.">0.0200 0.0150  0.0100  0.0100 0.0100</y_n_conc_min_pod>
      <n_conc_crit_grain description="grain maximum N conc.">0.045</n_conc_crit_grain>
      <n_conc_max_grain description="grain critical N conc.">0.055</n_conc_max_grain>
      <n_conc_min_grain description="grain minimum N conc.">0.030</n_conc_min_grain>
      <n_conc_crit_root description="root maximum N conc.">0.0200</n_conc_crit_root>
      <n_conc_max_root description="root critical N conc.">0.0200</n_conc_max_root>
      <n_conc_min_root description="root minimum N conc.">0.00795</n_conc_min_root>
      <y_n_conc_min_meal>0.0     0.0    0.0    0.045   0.045</y_n_conc_min_meal>
      <y_n_conc_crit_meal>0.0     0.0    0.0    0.055   0.055</y_n_conc_crit_meal>
      <y_n_conc_max_meal>0.0     0.0    0.0    0.030   0.030</y_n_conc_max_meal>
      <y_n_conc_min_oil>0.0     0.0    0.0     0.0      0.0</y_n_conc_min_oil>
      <y_n_conc_crit_oil>0.0     0.0    0.0     0.0      0.0</y_n_conc_crit_oil>
      <y_n_conc_max_oil>0.0     0.0    0.0     0.0      0.0</y_n_conc_max_oil>
      <!-- ______________________________________________________________________________
         INITIAL NITROGEN CONCENTRATION OF ORGANS
         -->
      <root_n_init_conc>0.015</root_n_init_conc>
      <leaf_n_init_conc>0.06</leaf_n_init_conc>
      <stem_n_init_conc>0.06</stem_n_init_conc>
      <pod_n_init_conc>0.0</pod_n_init_conc>
      <meal_n_init_conc>0.0</meal_n_init_conc>
      <oil_n_init_conc>0.0</oil_n_init_conc>
      <!-- ______________________________________________________________________________
         NITROGEN CONCENTRATION IN SENESCENCED ORGANS
         This means that as soon as leaves fall off, all N except for the amount below is
         instantly transferred from leaves to stem
         -->
      <root_n_sen_conc>0.008</root_n_sen_conc>
      <leaf_n_sen_conc>0.005</leaf_n_sen_conc>
      <stem_n_sen_conc>0.0</stem_n_sen_conc>
      <pod_n_sen_conc>0.0</pod_n_sen_conc>
      <meal_n_sen_conc>0.0</meal_n_sen_conc>
      <oil_n_sen_conc>0.0</oil_n_sen_conc>
      <!-- ______________________________________________________________________________
         GRAIN NITROGEN CONCENTRATION
         %%%%%%%%%%%%%%%%%%%%%%%%%%%%%%%%%%%%%%%%%%%%%%%%%%%%%%%%%%%%%%%%%%%%%%%%%%%%%%%%%%%%%%%%%%%%%%%%%%%%%%%%%%%
         SECTION 7 -SENESCENCE AND DETACHMENT
         %%%%%%%%%%%%%%%%%%%%%%%%%%%%%%%%%%%%%%%%%%%%%%%%%%%%%%%%%%%%%%%%%%%%%%%%%%%%%%%%%%%%%%%%%%%%%%%%%%%%%%%%%%%
         ______________________________________________________________________________
         DM SENESCENCE
         -->
      <root_die_back_fr units="0-1" description="fraction of roots lost at harvest">0.1</root_die_back_fr>
      <!--  dm fraction senesced for each fraction of canopy senesced.
         -->
      <x_dm_sen_frac_root description="root">0    1     </x_dm_sen_frac_root>
      <y_dm_sen_frac_root>0.005 0.005</y_dm_sen_frac_root>
      <x_dm_sen_frac_leaf description="leaf">0    1     </x_dm_sen_frac_leaf>
      <y_dm_sen_frac_leaf>0    1</y_dm_sen_frac_leaf>
      <x_dm_sen_frac_stem description="stem">0    1     </x_dm_sen_frac_stem>
      <y_dm_sen_frac_stem>0    0</y_dm_sen_frac_stem>
      <x_dm_sen_frac_pod description="flower">0    1     </x_dm_sen_frac_pod>
      <y_dm_sen_frac_pod>0    0</y_dm_sen_frac_pod>
      <x_dm_sen_frac_meal description="meal">0    1     </x_dm_sen_frac_meal>
      <y_dm_sen_frac_meal>0    0</y_dm_sen_frac_meal>
      <x_dm_sen_frac_oil description="oil">0    1     </x_dm_sen_frac_oil>
      <y_dm_sen_frac_oil>0    0</y_dm_sen_frac_oil>
      <!-- ______________________________________________________________________________
         LEAF NUMBER AND AREA SENESCENCE
         -->
      <min_tpla description="crop will not die   0.0   ()   ! lower limit of total plant leaf area">0.01  </min_tpla>
      <node_sen_rate description="chickpea value= node app rate in chickpea (oCd/node) !  rate of node senescence on main stem">46.6  </node_sen_rate>
      <fr_lf_sen_rate description="30may02 !0.04  !IF, 5-9-01  0.02   ()         !  fraction of total leaf number senescing per main stem node">0.05 </fr_lf_sen_rate>
      <n_fact_lf_sen_rate description="max relative increase in leaf senescence due to N stress">0.0     </n_fact_lf_sen_rate>
      <lai_sen_light units="m^2/m^2" description="induced senescence occurs (m^2/m^2)">4.0</lai_sen_light>
      <sen_light_slope description="sensitivity of leaf area senescence to shading">0.008</sen_light_slope>
      <x_temp_senescence description="minimum temperature for frost senescence table (oC)">-15.0 -5.0     </x_temp_senescence>
      <y_senescence_fac description="daily fraction of leaf area senesced due to frost (0-1)">1    0       </y_senescence_fac>
      <x_maxt_senescence description="minimum temperature for heat senescence table (oC)">34.0 34.1 45.0     </x_maxt_senescence>
      <y_heatsenescence_fac description="daily fraction of leaf area senesced due to heat (0-1)">0  0.0  0.0       </y_heatsenescence_fac> 	  
      <sen_rate_water description="slope in linear eqn relating soil water stress during photosynthesis to leaf senesence rate">0.05</sen_rate_water>
      <!-- ______________________________________________________________________________
         DETACHMENT
         root
         -->
      <root_dead_detach_frac description="fraction detached from each part of a dead plant per day.">0</root_dead_detach_frac>
      <root_sen_detach_frac description="fraction of senesced plant part detached each day from live plants">1</root_sen_detach_frac>
      <leaf_dead_detach_frac>0.0</leaf_dead_detach_frac>
      <leaf_sen_detach_frac>0.0</leaf_sen_detach_frac>
      <stem_dead_detach_frac>0.0</stem_dead_detach_frac>
      <stem_sen_detach_frac>0.0</stem_sen_detach_frac>
      <pod_dead_detach_frac>0.0</pod_dead_detach_frac>
      <pod_sen_detach_frac>0.0</pod_sen_detach_frac>
      <meal_dead_detach_frac>0.0</meal_dead_detach_frac>
      <meal_sen_detach_frac>0.0</meal_sen_detach_frac>
      <oil_dead_detach_frac>0.0</oil_dead_detach_frac>
      <oil_sen_detach_frac>0.0</oil_sen_detach_frac>
      <!-- %%%%%%%%%%%%%%%%%%%%%%%%%%%%%%%%%%%%%%%%%%%%%%%%%%%%%%%%%%%%%%%%%%%%%%%%%%%%%%%%%%%%%%%%%%%%%%%%%%%%%%%%%%%
         SECTION 8 - WE MIGHT PUT RETRANSLOCATION OF DM AND N IN THIS SECTION
         %%%%%%%%%%%%%%%%%%%%%%%%%%%%%%%%%%%%%%%%%%%%%%%%%%%%%%%%%%%%%%%%%%%%%%%%%%%%%%%%%%%%%%%%%%%%%%%%%%%%%%%%%%%
         %%%%%%%%%%%%%%%%%%%%%%%%%%%%%%%%%%%%%%%%%%%%%%%%%%%%%%%%%%%%%%%%%%%%%%%%%%%%%%%%%%%%%%%%%%%%%%%%%%%%%%%%%%%
         SECTION 9 - CROP FAILURE AND DEATH
         %%%%%%%%%%%%%%%%%%%%%%%%%%%%%%%%%%%%%%%%%%%%%%%%%%%%%%%%%%%%%%%%%%%%%%%%%%%%%%%%%%%%%%%%%%%%%%%%%%%%%%%%%%%
         ______________________________________________________________________________
         crop failure
         -->
      <leaf_no_crit description="critical number of leaves, below which portion of the crop may die due to water stress">10.0</leaf_no_crit>
      <tt_emerg_limit units="oCd" description="maximum degree days allowed for emergence to take place">300.0</tt_emerg_limit>
      <days_germ_limit units="days" description="maximum days allowed after sowing for germination to take place (days)">40.0</days_germ_limit>
      <swdf_photo_limit description="critical cumulative photosynthesis water stress, above which the crop partly fails (unitless)">99.0</swdf_photo_limit>
      <swdf_photo_rate description="rate of plant reduction with photosynthesis water stress">0.0</swdf_photo_rate>
      <swdf_pheno_limit description="critical cumulative phenology water stress, above which the crop fails (unitless)">25</swdf_pheno_limit>
      <!-- ______________________________________________________________________________
         PLANT DEATH
         -->
      <x_weighted_temp units="oC">55.0  60.0</x_weighted_temp>
      <y_plant_death>0.0   1.0</y_plant_death>
      <!-- %%%%%%%%%%%%%%%%%%%%%%%%%%%%%%%%%%%%%%%%%%%%%%%%%%%%%%%%%%%%%%%%%%%%%%%%%%%%%%%%%%%%%%%%%%%%%%%%%%%%%%%%%%%
         SECTION 10 - PHOSPHORUS RELATIONS, UPTAKE AND STRESS FACTORS
         %%%%%%%%%%%%%%%%%%%%%%%%%%%%%%%%%%%%%%%%%%%%%%%%%%%%%%%%%%%%%%%%%%%%%%%%%%%%%%%%%%%%%%%%%%%%%%%%%%%%%%%%%%%
         %%%%%%%%%%%%%%%%%%%%%%%%%%%%%%%%%%%%%%%%%%%%%%%%%%%%%%%%%%%%%%%%%%%%%%%%%%%%%%%%%%%%%%%%%%%%%%%%%%%%%%%%%%%
         SECTION - VALUE LIMITS - MAX AND MINS
         %%%%%%%%%%%%%%%%%%%%%%%%%%%%%%%%%%%%%%%%%%%%%%%%%%%%%%%%%%%%%%%%%%%%%%%%%%%%%%%%%%%%%%%%%%%%%%%%%%%%%%%%%%%
         ______________________________________________________________________________
         ROOT PARAMETERS
         -->
      <ll_ub description="upper limit of lower limit">1000.0</ll_ub>
      <kl_ub description="upper limit of water uptake factor">1.0</kl_ub>
      <!-- ______________________________________________________________________________
         SOIL WATER
         -->
      <minsw description="lowest acceptable value for ll">0.00001</minsw>
      <!--  cultivar parameter upper bounds
         -->
      <tt_emergence_ub units="oCd" description="upper limit">1000.0</tt_emergence_ub>
      <tt_flower_to_maturity_ub units="oCd" description="upper limit">1500.0</tt_flower_to_maturity_ub>
      <tt_maturity_ub units="oCd" description="upper limit">1000.0</tt_maturity_ub>
      <tt_flower_to_start_grain_ub units="oCd" description="upper limit">1000.0</tt_flower_to_start_grain_ub>
      <tt_init_to_flower_ub units="oCd" description="upper limit">1000.0</tt_init_to_flower_ub>
      <tt_harvest_ripe units="oCd">1.0</tt_harvest_ripe>
    </plant>
    <!-- ***********************************************************************************************************
      PARAMETERS  - CULTIVAR-SPECIFIC VALUES
      ***********************************************************************************************************
      !!!!!!!!!!!!!!!!!!!!!!!!!!!!!!!!!!!!!!!!!!!!!!!!
      ! varieties listed from early to late maturing!!
      !!!!!!!!!!!!!!!!!!!!!!!!!!!!!!!!!!!!!!!!!!!!!!!!
      -->
    <belara_testHIincr cultivar="yes">
      <!-- !rest of the param from merrit, except HIincr = 0.012
         hi_incr =                        0.010 (1/days)
         -->
      <x_pp_hi_incr units="h">1      24</x_pp_hi_incr>
      <y_hi_incr description="!  0.008 0.008  ! 0.01  0.01 (1/days)">0.012 0.012 </y_hi_incr>
      <x_hi_max_pot_stress>0.00 1.00</x_hi_max_pot_stress>
      <y_hi_max_pot description="30may02   0.30 0.30 ()">0.25  0.25 </y_hi_max_pot>
      <cumvd_emergence>0    25</cumvd_emergence>
      <tt_emergence description="353 353 !18-11-02 1  1 !12-06-02 50   50 ! 27-05-02 !290  290  (oCd)  !Apr01      !p1">360 360 </tt_emergence>
      <est_days_emerg_to_init units="d">83</est_days_emerg_to_init>
      <x_pp_end_of_juvenile description="18-11-028.7   16.0 !12-06-02   10.4  13.6  !27may02 11.1    16.0  !09Apr02 ! 10.7  16.0  ! 11.3  14.9   !Apr01      10.5  14.9 !23-05-01   !   ! p4 p5">10.8  16  </x_pp_end_of_juvenile>
      <y_tt_end_of_juvenile description="619 1  !!18-11-02702  10 !12-06-02 532    1    !897  463     !09Apr02 !719   250   !Apr01      700 179    !23-05-01   !   ! p2 p3">665  1 </y_tt_end_of_juvenile>
      <x_pp_floral_initiation units="h">1      24</x_pp_floral_initiation>
      <y_tt_floral_initiation description="!18-11-02548    548 !  602    602   !27may02 176    176 !09Apr02 !213    213  201  201  (oCd)   ! p6">135  135  </y_tt_floral_initiation>
      <x_pp_flowering units="h">1      24</x_pp_flowering>
      <y_tt_flowering units="oCd">500     500</y_tt_flowering>
      <x_pp_start_grain_fill units="h">1      24</x_pp_start_grain_fill>
      <y_tt_start_grain_fill description="30-05-02 from Dracup be93 data !600   600   (oCd)">450    450 </y_tt_start_grain_fill>
      <tt_end_grain_fill units="oCd">50.0</tt_end_grain_fill>
      <tt_maturity units="oCd">1.0</tt_maturity>
      <x_stem_wt units="g/plant" description="stem weight per plant">0  8</x_stem_wt>
      <y_height units="mm" description="plant canopy height">0  1500</y_height>
    </belara_testHIincr>
    <belara cultivar="yes">
      <x_pp_hi_incr units="h">1      24</x_pp_hi_incr>
      <y_hi_incr units="1/days">0.008   0.008</y_hi_incr>
      <x_hi_max_pot_stress>0.00 1.00</x_hi_max_pot_stress>
      <y_hi_max_pot>0.25 0.25</y_hi_max_pot>
      <cumvd_emergence>0    25</cumvd_emergence>
      <tt_emergence description="339  339  !!18-11-021  1  ! 120602 50  50 !27-05-02  1    1  ! 312    312  (oCd)        !p1">375  375 </tt_emergence>
      <est_days_emerg_to_init units="d">83</est_days_emerg_to_init>
      <x_pp_end_of_juvenile description="18-11-02 10.1  13.8  !12-06-02 10.4   13.6  !27-05-02 11.0  16.0   !  10.9  14.1     ! p4 p5">10.8  16  </x_pp_end_of_juvenile>
      <y_tt_end_of_juvenile description="516 1 !   93  !12-06-02 507    10    !27-05-02  790  200   !500   206      ! p2 p3">560 1 </y_tt_end_of_juvenile>
      <x_pp_floral_initiation units="h">1      24</x_pp_floral_initiation>
      <y_tt_floral_initiation description="204 204 !493  493  ! 590      590  ! 276   276  !!  264   264  (oCd)   ! p6">140  140 </y_tt_floral_initiation>
      <x_pp_flowering units="h">1      24</x_pp_flowering>
      <y_tt_flowering units="oCd">500     500</y_tt_flowering>
      <x_pp_start_grain_fill units="h">1      24</x_pp_start_grain_fill>
      <y_tt_start_grain_fill units="oCd">450   450</y_tt_start_grain_fill>
      <tt_end_grain_fill units="oCd">50.0</tt_end_grain_fill>
      <tt_maturity units="oCd">1.0</tt_maturity>
      <x_stem_wt units="g/plant" description="stem weight per plant">0  8</x_stem_wt>
      <y_height units="mm" description="plant canopy height">0  1500</y_height>
    </belara>
    <kalya cultivar="yes">
      <x_pp_hi_incr units="h">1      24</x_pp_hi_incr>
      <y_hi_incr units="1/days">0.008   0.008</y_hi_incr>
      <x_hi_max_pot_stress>0.00 1.00</x_hi_max_pot_stress>
      <y_hi_max_pot>0.25 0.25</y_hi_max_pot>
      <cumvd_emergence>0    25</cumvd_emergence>
      <tt_emergence units="oCd" description="p1">310    310</tt_emergence>
      <est_days_emerg_to_init units="d">83</est_days_emerg_to_init>
      <x_pp_end_of_juvenile description="p4 p5">11.1  14.4     </x_pp_end_of_juvenile>
      <y_tt_end_of_juvenile description="p2 p3">600   207      </y_tt_end_of_juvenile>
      <x_pp_floral_initiation units="h">1      24</x_pp_floral_initiation>
      <y_tt_floral_initiation units="oCd" description="p6">214   214</y_tt_floral_initiation>
      <x_pp_flowering units="h">1      24</x_pp_flowering>
      <y_tt_flowering units="oCd">500     500</y_tt_flowering>
      <x_pp_start_grain_fill units="h">1      24</x_pp_start_grain_fill>
      <y_tt_start_grain_fill units="oCd">450   450</y_tt_start_grain_fill>
      <tt_end_grain_fill units="oCd">50.0</tt_end_grain_fill>
      <tt_maturity units="oCd">1.0</tt_maturity>
      <x_stem_wt units="g/plant" description="stem weight per plant">0  8</x_stem_wt>
      <y_height units="mm" description="plant canopy height">0  1500</y_height>
    </kalya>
    <merrit cultivar="yes">
      <x_pp_hi_incr units="h">1      24</x_pp_hi_incr>
      <y_hi_incr description="0.01  0.01 (1/days)">0.008 0.008  </y_hi_incr>
      <x_hi_max_pot_stress>0.00 1.00</x_hi_max_pot_stress>
      <y_hi_max_pot description="30may02   0.30 0.30 ()">0.25  0.25 </y_hi_max_pot>
      <cumvd_emergence>0    25</cumvd_emergence>
      <tt_emergence description="353 353 !18-11-02 1  1 !12-06-02 50   50 ! 27-05-02 !290  290  (oCd)  !Apr01      !p1">360 360 </tt_emergence>
      <est_days_emerg_to_init units="d">83</est_days_emerg_to_init>
      <x_pp_end_of_juvenile description="18-11-028.7   16.0 !12-06-02   10.4  13.6  !27may02 11.1    16.0  !09Apr02 ! 10.7  16.0  ! 11.3  14.9   !Apr01      10.5  14.9 !23-05-01   !   ! p4 p5">10.8  16  </x_pp_end_of_juvenile>
      <y_tt_end_of_juvenile description="619 1  !!18-11-02702  10 !12-06-02 532    1    !897  463     !09Apr02 !719   250   !Apr01      700 179    !23-05-01   !   ! p2 p3">665  1 </y_tt_end_of_juvenile>
      <x_pp_floral_initiation units="h">1      24</x_pp_floral_initiation>
      <y_tt_floral_initiation description="!18-11-02548    548 !  602    602   !27may02 176    176 !09Apr02 !213    213  201  201  (oCd)   ! p6">135  135  </y_tt_floral_initiation>
      <x_pp_flowering units="h">1      24</x_pp_flowering>
      <y_tt_flowering units="oCd">500     500</y_tt_flowering>
      <x_pp_start_grain_fill units="h">1      24</x_pp_start_grain_fill>
      <y_tt_start_grain_fill description="30-05-02 from Dracup be93 data !600   600   (oCd)">450    450 </y_tt_start_grain_fill>
      <tt_end_grain_fill units="oCd">50.0</tt_end_grain_fill>
      <tt_maturity units="oCd">1.0</tt_maturity>
      <x_stem_wt units="g/plant" description="stem weight per plant">0  8</x_stem_wt>
      <y_height units="mm" description="plant canopy height">0  1500</y_height>
    </merrit>
    <myallie cultivar="yes">
      <x_pp_hi_incr units="h">1      24</x_pp_hi_incr>
      <y_hi_incr units="1/days">0.008   0.008</y_hi_incr>
      <x_hi_max_pot_stress>0.00 1.00</x_hi_max_pot_stress>
      <y_hi_max_pot>0.25 0.25</y_hi_max_pot>
      <cumvd_emergence>0    25</cumvd_emergence>
      <tt_emergence units="oCd" description="p1">310    310</tt_emergence>
      <est_days_emerg_to_init units="d">83</est_days_emerg_to_init>
      <x_pp_end_of_juvenile description="p4 p5">10.9  16     </x_pp_end_of_juvenile>
      <y_tt_end_of_juvenile description="p2 p3">515   150      </y_tt_end_of_juvenile>
      <x_pp_floral_initiation units="h">1      24</x_pp_floral_initiation>
      <y_tt_floral_initiation units="oCd" description="p6">275   275</y_tt_floral_initiation>
      <x_pp_flowering units="h">1      24</x_pp_flowering>
      <y_tt_flowering units="oCd">500     500</y_tt_flowering>
      <x_pp_start_grain_fill units="h">1      24</x_pp_start_grain_fill>
      <y_tt_start_grain_fill units="oCd">450   450</y_tt_start_grain_fill>
      <tt_end_grain_fill units="oCd">50.0</tt_end_grain_fill>
      <tt_maturity units="oCd">1.0</tt_maturity>
      <x_stem_wt units="g/plant" description="stem weight per plant">0  8</x_stem_wt>
      <y_height units="mm" description="plant canopy height">0  1500</y_height>
    </myallie>
    <tallerac cultivar="yes">
      <x_pp_hi_incr units="h">1      24</x_pp_hi_incr>
      <y_hi_incr units="1/days">0.008   0.008</y_hi_incr>
      <x_hi_max_pot_stress>0.00 1.00</x_hi_max_pot_stress>
      <y_hi_max_pot>0.25 0.25</y_hi_max_pot>
      <cumvd_emergence>0    25</cumvd_emergence>
      <tt_emergence units="oCd" description="p1">325    325</tt_emergence>
      <est_days_emerg_to_init units="d">83</est_days_emerg_to_init>
      <x_pp_end_of_juvenile description="p4 p5">10.7  13.0     </x_pp_end_of_juvenile>
      <y_tt_end_of_juvenile description="p2 p3">600   250      </y_tt_end_of_juvenile>
      <x_pp_floral_initiation units="h">1      24</x_pp_floral_initiation>
      <y_tt_floral_initiation units="oCd" description="p6">258   258</y_tt_floral_initiation>
      <x_pp_flowering units="h">1      24</x_pp_flowering>
      <y_tt_flowering units="oCd">500     500</y_tt_flowering>
      <x_pp_start_grain_fill units="h">1      24</x_pp_start_grain_fill>
      <y_tt_start_grain_fill units="oCd">450   450</y_tt_start_grain_fill>
      <tt_end_grain_fill units="oCd">50.0</tt_end_grain_fill>
      <tt_maturity units="oCd">1.0</tt_maturity>
      <x_stem_wt units="g/plant" description="stem weight per plant">0  8</x_stem_wt>
      <y_height units="mm" description="plant canopy height">0  1500</y_height>
    </tallerac>
    <tanjil cultivar="yes">
      <x_pp_hi_incr units="h">1      24</x_pp_hi_incr>
      <y_hi_incr units="1/days">0.008   0.008</y_hi_incr>
      <x_hi_max_pot_stress>0.00 1.00</x_hi_max_pot_stress>
      <y_hi_max_pot>0.25 0.25</y_hi_max_pot>
      <cumvd_emergence>0    25</cumvd_emergence>
      <tt_emergence units="oCd" description="p1">339    339</tt_emergence>
      <est_days_emerg_to_init units="d">83</est_days_emerg_to_init>
      <x_pp_end_of_juvenile description="p4 p5">11.3  14.7     </x_pp_end_of_juvenile>
      <y_tt_end_of_juvenile description="p2 p3">600   246      </y_tt_end_of_juvenile>
      <x_pp_floral_initiation units="h">1      24</x_pp_floral_initiation>
      <y_tt_floral_initiation units="oCd" description="p6">175   175</y_tt_floral_initiation>
      <x_pp_flowering units="h">1      24</x_pp_flowering>
      <y_tt_flowering units="oCd">500     500</y_tt_flowering>
      <x_pp_start_grain_fill units="h">1      24</x_pp_start_grain_fill>
      <y_tt_start_grain_fill units="oCd">450   450</y_tt_start_grain_fill>
      <tt_end_grain_fill units="oCd">50.0</tt_end_grain_fill>
      <tt_maturity units="oCd">1.0</tt_maturity>
      <x_stem_wt units="g/plant" description="stem weight per plant">0  8</x_stem_wt>
      <y_height units="mm" description="plant canopy height">0  1500</y_height>
    </tanjil>
    <wodjil cultivar="yes">
      <x_pp_hi_incr units="h">1      24</x_pp_hi_incr>
      <y_hi_incr units="1/days">0.008  0.008</y_hi_incr>
      <x_hi_max_pot_stress>0.00 1.00</x_hi_max_pot_stress>
      <y_hi_max_pot>0.25 0.25</y_hi_max_pot>
      <cumvd_emergence>0    25</cumvd_emergence>
      <tt_emergence units="oCd">9    9</tt_emergence>
      <est_days_emerg_to_init units="d">83</est_days_emerg_to_init>
      <x_pp_end_of_juvenile>10.4    13.0</x_pp_end_of_juvenile>
      <y_tt_end_of_juvenile>631     48</y_tt_end_of_juvenile>
      <x_pp_floral_initiation units="h">1      24</x_pp_floral_initiation>
      <y_tt_floral_initiation>624      624</y_tt_floral_initiation>
      <x_pp_flowering units="h">1      24</x_pp_flowering>
      <y_tt_flowering>500    500</y_tt_flowering>
      <x_pp_start_grain_fill units="h">1      24</x_pp_start_grain_fill>
      <y_tt_start_grain_fill units="oCd">400    400</y_tt_start_grain_fill>
      <tt_end_grain_fill units="oCd">50.0</tt_end_grain_fill>
      <tt_maturity units="oCd">1.0</tt_maturity>
      <x_stem_wt units="g/plant" description="stem weight per plant">0  8</x_stem_wt>
      <y_height units="mm" description="plant canopy height">0  1500</y_height>
    </wodjil>
    <gungurru cultivar="yes">
      <!-- ! using wodjil parameters p1-p6,tt_fl_sgf from observed data paper D6
         -->
      <x_pp_hi_incr units="h">1      24</x_pp_hi_incr>
      <y_hi_incr units="1/days">0.008  0.008</y_hi_incr>
      <x_hi_max_pot_stress>0.00 1.00</x_hi_max_pot_stress>
      <y_hi_max_pot>0.25 0.25</y_hi_max_pot>
      <cumvd_emergence>0    25</cumvd_emergence>
      <tt_emergence description="Apr01  !900  400  (oCd) !       !p1">400  400  </tt_emergence>
      <est_days_emerg_to_init units="d">83</est_days_emerg_to_init>
      <x_pp_end_of_juvenile description="Aug03 11.4  13.3  !Apr01    ! p4 p511.0   13.0   !Apr02 !">10.8 13.3 </x_pp_end_of_juvenile>
      <y_tt_end_of_juvenile description="Aug03 556   152    !Apr01    ! p2 p3540    10     !Apr02 !">650 152  </y_tt_end_of_juvenile>
      <x_pp_floral_initiation units="h">1      24</x_pp_floral_initiation>
      <y_tt_floral_initiation units="oCd" description="623    623    ! p6">214  214</y_tt_floral_initiation>
      <x_pp_flowering units="h">1      24</x_pp_flowering>
      <y_tt_flowering description="500   500 !200   200 (oCd)">300  300  </y_tt_flowering>
      <x_pp_start_grain_fill units="h">1      24</x_pp_start_grain_fill>
      <y_tt_start_grain_fill description="Aug03 450  450 ! 900.0  900 (oCd)">500   500  </y_tt_start_grain_fill>
      <tt_end_grain_fill units="oCd">50.0</tt_end_grain_fill>
      <tt_maturity units="oCd">1.0</tt_maturity>
      <x_stem_wt units="g/plant" description="stem weight per plant">0  8</x_stem_wt>
      <y_height units="mm" description="plant canopy height">0  1500</y_height>
    </gungurru>
    <!-- !!!!!!!!!!!!!
      -->
    <short cultivar="yes">
      <!-- based on belara, but shorter p2
         -->
      <x_pp_hi_incr units="h">1      24</x_pp_hi_incr>
      <y_hi_incr units="1/days">0.008   0.008</y_hi_incr>
      <x_hi_max_pot_stress>0.00 1.00</x_hi_max_pot_stress>
      <y_hi_max_pot>0.25 0.25</y_hi_max_pot>
      <cumvd_emergence>0    25</cumvd_emergence>
      <tt_emergence description="339  339  !!18-11-021  1  ! 120602 50  50 !27-05-02  1    1  ! 312    312  (oCd)        !p1">375  375 </tt_emergence>
      <est_days_emerg_to_init units="d">83</est_days_emerg_to_init>
      <x_pp_end_of_juvenile description="18-11-02 10.1  13.8  !12-06-02 10.4   13.6  !27-05-02 11.0  16.0   !  10.9  14.1     ! p4 p5">10.8  16  </x_pp_end_of_juvenile>
      <y_tt_end_of_juvenile description="560 1 !516 1 !   93  !12-06-02 507    10    !27-05-02  790  200   !500   206      ! p2 p3">500  1  </y_tt_end_of_juvenile>
      <x_pp_floral_initiation units="h">1      24</x_pp_floral_initiation>
      <y_tt_floral_initiation description="204 204 !493  493  ! 590      590  ! 276   276  !!  264   264  (oCd)   ! p6">140  140 </y_tt_floral_initiation>
      <x_pp_flowering units="h">1      24</x_pp_flowering>
      <y_tt_flowering units="oCd">500     500</y_tt_flowering>
      <x_pp_start_grain_fill units="h">1      24</x_pp_start_grain_fill>
      <y_tt_start_grain_fill units="oCd">450   450</y_tt_start_grain_fill>
      <tt_end_grain_fill units="oCd">50.0</tt_end_grain_fill>
      <tt_maturity units="oCd">1.0</tt_maturity>
      <x_stem_wt units="g/plant" description="stem weight per plant">0  8</x_stem_wt>
      <y_height units="mm" description="plant canopy height">0  1500</y_height>
    </short>
	
	 <chittick cultivar="yes">
        
      <x_pp_hi_incr units="h">1      24</x_pp_hi_incr>
      <y_hi_incr units="1/days">0.010 0.010</y_hi_incr>
      <x_hi_max_pot_stress>0.00 1.00</x_hi_max_pot_stress>
      <y_hi_max_pot>0.37 0.37</y_hi_max_pot>
      <cumvd_emergence>0    25</cumvd_emergence>
      <tt_emergence description="339  339  !!18-11-021  1  ! 120602 50  50 !27-05-02  1    1  ! 312    312  (oCd)        !p1">395.90000000  250.00000000 </tt_emergence>
      <est_days_emerg_to_init units="d">83</est_days_emerg_to_init>
      <x_pp_end_of_juvenile description="18-11-02 10.1  13.8  !12-06-02 10.4   13.6  !27-05-02 11.0  16.0   !  10.9  14.1     ! p4 p5">1.0800000E+01  1.5000000E+01 </x_pp_end_of_juvenile>
      <y_tt_end_of_juvenile description="560 1 !516 1 !   93  !12-06-02 507    10    !27-05-02  790  200   !500   206      ! p2 p3">6.5000000E+02  1.0000000E+00  </y_tt_end_of_juvenile>
      <x_pp_floral_initiation units="h">1      24</x_pp_floral_initiation>
      <y_tt_floral_initiation description="204 204 !493  493  ! 590      590  ! 276   276  !!  264   264  (oCd)   ! p6">140.00000000  140.00000000 </y_tt_floral_initiation>
      <x_pp_flowering units="h">1      24</x_pp_flowering>
      <y_tt_flowering units="oCd">450.0000000    450.0000000</y_tt_flowering>
      <x_pp_start_grain_fill units="h">1      24</x_pp_start_grain_fill>
      <y_tt_start_grain_fill units="oCd">400.00000  400.00000</y_tt_start_grain_fill>
      <tt_end_grain_fill units="oCd">50.0</tt_end_grain_fill>
      <tt_maturity units="oCd">1.0</tt_maturity>
      <x_stem_wt units="g/plant" description="stem weight per plant">0  8</x_stem_wt>
      <y_height units="mm" description="plant canopy height">0  1500</y_height>
      </chittick>
	
	 <geebung cultivar="yes">
        
      <x_pp_hi_incr units="h">1      24</x_pp_hi_incr>
      <y_hi_incr units="1/days">0.010 0.010</y_hi_incr>
      <x_hi_max_pot_stress>0.00 1.00</x_hi_max_pot_stress>
      <y_hi_max_pot>0.23 0.23</y_hi_max_pot>
      <cumvd_emergence>0    25</cumvd_emergence>
      <tt_emergence description="339  339  !!18-11-021  1  ! 120602 50  50 !27-05-02  1    1  ! 312    312  (oCd)        !p1">505.30486794  157.50429857 </tt_emergence>
      <est_days_emerg_to_init units="d">83</est_days_emerg_to_init>
      <x_pp_end_of_juvenile description="18-11-02 10.1  13.8  !12-06-02 10.4   13.6  !27-05-02 11.0  16.0   !  10.9  14.1     ! p4 p5">1.1400000E+01  1.5648172E+01 </x_pp_end_of_juvenile>
      <y_tt_end_of_juvenile description="560 1 !516 1 !   93  !12-06-02 507    10    !27-05-02  790  200   !500   206      ! p2 p3">9.2591239E+02  1.0000000E+00  </y_tt_end_of_juvenile>
      <x_pp_floral_initiation units="h">1      24</x_pp_floral_initiation>
      <y_tt_floral_initiation description="204 204 !493  493  ! 590      590  ! 276   276  !!  264   264  (oCd)   ! p6">152.89466303  152.89466303 </y_tt_floral_initiation>
      <x_pp_flowering units="h">1      24</x_pp_flowering>
      <y_tt_flowering units="oCd">450    450</y_tt_flowering>
      <x_pp_start_grain_fill units="h">1      24</x_pp_start_grain_fill>
      <y_tt_start_grain_fill units="oCd">400  400</y_tt_start_grain_fill>
      <tt_end_grain_fill units="oCd">50.0</tt_end_grain_fill>
      <tt_maturity units="oCd">1.0</tt_maturity>
      <x_stem_wt units="g/plant" description="stem weight per plant">0  8</x_stem_wt>
      <y_height units="mm" description="plant canopy height">0  1500</y_height>
      </geebung>	
		
	 <jindalee cultivar="yes">
        
      <x_pp_hi_incr units="h">1      24</x_pp_hi_incr>
      <y_hi_incr units="1/days">0.009 0.009</y_hi_incr>
      <x_hi_max_pot_stress>0.00 1.00</x_hi_max_pot_stress>
      <y_hi_max_pot>0.28 0.28</y_hi_max_pot>
      <cumvd_emergence>0    25</cumvd_emergence>
      <tt_emergence description="339  339  !!18-11-021  1  ! 120602 50  50 !27-05-02  1    1  ! 312    312  (oCd)        !p1">419.42840006  250.64771494 </tt_emergence>
      <est_days_emerg_to_init units="d">83</est_days_emerg_to_init>
      <x_pp_end_of_juvenile description="18-11-02 10.1  13.8  !12-06-02 10.4   13.6  !27-05-02 11.0  16.0   !  10.9  14.1     ! p4 p5">1.1298142E+01  1.6100000E+01 </x_pp_end_of_juvenile>
      <y_tt_end_of_juvenile description="560 1 !516 1 !   93  !12-06-02 507    10    !27-05-02  790  200   !500   206      ! p2 p3">8.1227108E+02  1.0000000E+00  </y_tt_end_of_juvenile>
      <x_pp_floral_initiation units="h">1      24</x_pp_floral_initiation>
      <y_tt_floral_initiation description="204 204 !493  493  ! 590      590  ! 276   276  !!  264   264  (oCd)   ! p6">130.38495239  130.38495239 </y_tt_floral_initiation>
      <x_pp_flowering units="h">1      24</x_pp_flowering>
      <y_tt_flowering units="oCd">450    450</y_tt_flowering>
      <x_pp_start_grain_fill units="h">1      24</x_pp_start_grain_fill>
      <y_tt_start_grain_fill units="oCd">400  400</y_tt_start_grain_fill>
      <tt_end_grain_fill units="oCd">50.0</tt_end_grain_fill>
      <tt_maturity units="oCd">1.0</tt_maturity>
      <x_stem_wt units="g/plant" description="stem weight per plant">0  8</x_stem_wt>
      <y_height units="mm" description="plant canopy height">0  1500</y_height>
      </jindalee>	

	  
	<mandelup cultivar="yes">
              
      <x_pp_hi_incr units="h">1      24</x_pp_hi_incr>
      <y_hi_incr units="1/days">0.012 0.012</y_hi_incr>
      <x_hi_max_pot_stress>0.00 1.00</x_hi_max_pot_stress>
      <y_hi_max_pot>0.37 0.37</y_hi_max_pot>
      <cumvd_emergence>0    25</cumvd_emergence>
      <tt_emergence description="339  339  !!18-11-021  1  ! 120602 50  50 !27-05-02  1    1  ! 312    312  (oCd)        !p1">329.2371058  329.2371058 </tt_emergence>
      <est_days_emerg_to_init units="d">83</est_days_emerg_to_init>
      <x_pp_end_of_juvenile description="18-11-02 10.1  13.8  !12-06-02 10.4   13.6  !27-05-02 11.0  16.0   !  10.9  14.1     ! p4 p5">1.0410336E+01  1.6100000E+01 </x_pp_end_of_juvenile>
      <y_tt_end_of_juvenile description="560 1 !516 1 !   93  !12-06-02 507    10    !27-05-02  790  200   !500   206      ! p2 p3">5.1000000E+02  1.0000000E+00  </y_tt_end_of_juvenile>
      <x_pp_floral_initiation units="h">1      24</x_pp_floral_initiation>
      <y_tt_floral_initiation description="204 204 !493  493  ! 590      590  ! 276   276  !!  264   264  (oCd)   ! p6">196.81536507  196.81536507 </y_tt_floral_initiation>
      <x_pp_flowering units="h">1      24</x_pp_flowering>
      <y_tt_flowering units="oCd">450    450</y_tt_flowering>
      <x_pp_start_grain_fill units="h">1      24</x_pp_start_grain_fill>
      <y_tt_start_grain_fill units="oCd">400  400</y_tt_start_grain_fill>
      <tt_end_grain_fill units="oCd">50.0</tt_end_grain_fill>
      <tt_maturity units="oCd">1.0</tt_maturity>
      <x_stem_wt units="g/plant" description="stem weight per plant">0  8</x_stem_wt>
      <y_height units="mm" description="plant canopy height">0  1500</y_height>
      </mandelup>		  
		
   <marri cultivar="yes">
      
      <x_pp_hi_incr units="h">1      24</x_pp_hi_incr>
      <y_hi_incr units="1/days">0.009 0.009</y_hi_incr>
      <x_hi_max_pot_stress>0.00 1.00</x_hi_max_pot_stress>
      <y_hi_max_pot>0.22 0.22</y_hi_max_pot>
      <cumvd_emergence>0    25</cumvd_emergence>
      <tt_emergence description="339  339  !!18-11-021  1  ! 120602 50  50 !27-05-02  1    1  ! 312    312  (oCd)        !p1">462.73524629  143.86844496 </tt_emergence>
      <est_days_emerg_to_init units="d">83</est_days_emerg_to_init>
      <x_pp_end_of_juvenile description="18-11-02 10.1  13.8  !12-06-02 10.4   13.6  !27-05-02 11.0  16.0   !  10.9  14.1     ! p4 p5">1.1400000E+01  1.6100000E+01 </x_pp_end_of_juvenile>
      <y_tt_end_of_juvenile description="560 1 !516 1 !   93  !12-06-02 507    10    !27-05-02  790  200   !500   206      ! p2 p3">9.1748842E+02  1.0000000E+00  </y_tt_end_of_juvenile>
      <x_pp_floral_initiation units="h">1      24</x_pp_floral_initiation>
      <y_tt_floral_initiation description="204 204 !493  493  ! 590      590  ! 276   276  !!  264   264  (oCd)   ! p6">112.77740405  112.77740405 </y_tt_floral_initiation>
      <x_pp_flowering units="h">1      24</x_pp_flowering>
      <y_tt_flowering units="oCd">450    450</y_tt_flowering>
      <x_pp_start_grain_fill units="h">1      24</x_pp_start_grain_fill>
      <y_tt_start_grain_fill units="oCd">400  400</y_tt_start_grain_fill>
      <tt_end_grain_fill units="oCd">50.0</tt_end_grain_fill>
      <tt_maturity units="oCd">1.0</tt_maturity>
      <x_stem_wt units="g/plant" description="stem weight per plant">0  8</x_stem_wt>
      <y_height units="mm" description="plant canopy height">0  1500</y_height>
      </marri>    			
		
	 <quilinock cultivar="yes">

      <x_pp_hi_incr units="h">1      24</x_pp_hi_incr>
      <y_hi_incr units="1/days">0.010 0.010</y_hi_incr>
      <x_hi_max_pot_stress>0.00 1.00</x_hi_max_pot_stress>
      <y_hi_max_pot>0.37 0.37</y_hi_max_pot>
      <cumvd_emergence>0    25</cumvd_emergence>
      <tt_emergence description="339  339  !!18-11-021  1  ! 120602 50  50 !27-05-02  1    1  ! 312    312  (oCd)        !p1">341.7288541  341.7288541 </tt_emergence>
      <est_days_emerg_to_init units="d">83</est_days_emerg_to_init>
      <x_pp_end_of_juvenile description="18-11-02 10.1  13.8  !12-06-02 10.4   13.6  !27-05-02 11.0  16.0   !  10.9  14.1     ! p4 p5">1.0100000E+01  1.6100000E+01 </x_pp_end_of_juvenile>
      <y_tt_end_of_juvenile description="560 1 !516 1 !   93  !12-06-02 507    10    !27-05-02  790  200   !500   206      ! p2 p3">5.85000000E+02  1.0000000E+00  </y_tt_end_of_juvenile>
      <x_pp_floral_initiation units="h">1      24</x_pp_floral_initiation>
      <y_tt_floral_initiation description="204 204 !493  493  ! 590      590  ! 276   276  !!  264   264  (oCd)   ! p6">189.52290542  189.52290542 </y_tt_floral_initiation>
      <x_pp_flowering units="h">1      24</x_pp_flowering>
      <y_tt_flowering units="oCd">450    450</y_tt_flowering>
      <x_pp_start_grain_fill units="h">1      24</x_pp_start_grain_fill>
      <y_tt_start_grain_fill units="oCd">400  400</y_tt_start_grain_fill>
      <tt_end_grain_fill units="oCd">50.0</tt_end_grain_fill>
      <tt_maturity units="oCd">1.0</tt_maturity>
      <x_stem_wt units="g/plant" description="stem weight per plant">0  8</x_stem_wt>
      <y_height units="mm" description="plant canopy height">0  1500</y_height>
      </quilinock>		
	
	 <unicrop cultivar="yes">
 
      <x_pp_hi_incr units="h">1      24</x_pp_hi_incr>
      <y_hi_incr units="1/days">0.011 0.011</y_hi_incr>
      <x_hi_max_pot_stress>0.00 1.00</x_hi_max_pot_stress>
      <y_hi_max_pot>0.34 0.34</y_hi_max_pot>
      <cumvd_emergence>0    25</cumvd_emergence>
      <tt_emergence description="339  339  !!18-11-021  1  ! 120602 50  50 !27-05-02  1    1  ! 312    312  (oCd)        !p1">385.0000000  385.0000000 </tt_emergence>
      <est_days_emerg_to_init units="d">83</est_days_emerg_to_init>
      <x_pp_end_of_juvenile description="18-11-02 10.1  13.8  !12-06-02 10.4   13.6  !27-05-02 11.0  16.0   !  10.9  14.1     ! p4 p5">1.0100000E+01  1.6100000E+01 </x_pp_end_of_juvenile>
      <y_tt_end_of_juvenile description="560 1 !516 1 !   93  !12-06-02 507    10    !27-05-02  790  200   !500   206      ! p2 p3">6.4834170E+02  1.0000000E+00  </y_tt_end_of_juvenile>
      <x_pp_floral_initiation units="h">1      24</x_pp_floral_initiation>
      <y_tt_floral_initiation description="204 204 !493  493  ! 590      590  ! 276   276  !!  264   264  (oCd)   ! p6">134.55650518  134.55650518 </y_tt_floral_initiation>
      <x_pp_flowering units="h">1      24</x_pp_flowering>
      <y_tt_flowering units="oCd">450    450</y_tt_flowering>
      <x_pp_start_grain_fill units="h">1      24</x_pp_start_grain_fill>
      <y_tt_start_grain_fill units="oCd">400  400</y_tt_start_grain_fill>
      <tt_end_grain_fill units="oCd">50.0</tt_end_grain_fill>
      <tt_maturity units="oCd">1.0</tt_maturity>
      <x_stem_wt units="g/plant" description="stem weight per plant">0  8</x_stem_wt>
      <y_height units="mm" description="plant canopy height">0  1500</y_height>
      </unicrop>

	 <uniwhite cultivar="yes">
 
      <x_pp_hi_incr units="h">1      24</x_pp_hi_incr>
      <y_hi_incr units="1/days">0.008 0.008</y_hi_incr>
      <x_hi_max_pot_stress>0.00 1.00</x_hi_max_pot_stress>
      <y_hi_max_pot>0.18 0.18</y_hi_max_pot>
      <cumvd_emergence>0    25</cumvd_emergence>
      <tt_emergence description="339  339  !!18-11-021  1  ! 120602 50  50 !27-05-02  1    1  ! 312    312  (oCd)        !p1">498.81424494  103.16081573 </tt_emergence>
      <est_days_emerg_to_init units="d">83</est_days_emerg_to_init>
      <x_pp_end_of_juvenile description="18-11-02 10.1  13.8  !12-06-02 10.4   13.6  !27-05-02 11.0  16.0   !  10.9  14.1     ! p4 p5">1.0957073E+01  1.6100000E+01 </x_pp_end_of_juvenile>
      <y_tt_end_of_juvenile description="560 1 !516 1 !   93  !12-06-02 507    10    !27-05-02  790  200   !500   206      ! p2 p3">9.9944043E+02  1.0000000E+00  </y_tt_end_of_juvenile>
      <x_pp_floral_initiation units="h">1      24</x_pp_floral_initiation>
      <y_tt_floral_initiation description="204 204 !493  493  ! 590      590  ! 276   276  !!  264   264  (oCd)   ! p6">134.19027889  134.19027889 </y_tt_floral_initiation>
      <x_pp_flowering units="h">1      24</x_pp_flowering>
      <y_tt_flowering units="oCd">450   450</y_tt_flowering>
      <x_pp_start_grain_fill units="h">1      24</x_pp_start_grain_fill>
      <y_tt_start_grain_fill units="oCd">400  400</y_tt_start_grain_fill>
      <tt_end_grain_fill units="oCd">50.0</tt_end_grain_fill>
      <tt_maturity units="oCd">1.0</tt_maturity>
      <x_stem_wt units="g/plant" description="stem weight per plant">0  8</x_stem_wt>
      <y_height units="mm" description="plant canopy height">0  1500</y_height>
      </uniwhite>

	 <yorrel cultivar="yes">
 
      <x_pp_hi_incr units="h">1      24</x_pp_hi_incr>
      <y_hi_incr units="1/days">0.010 0.010</y_hi_incr>
      <x_hi_max_pot_stress>0.00 1.00</x_hi_max_pot_stress>
      <y_hi_max_pot>0.35 0.35</y_hi_max_pot>
      <cumvd_emergence>0    25</cumvd_emergence>
      <tt_emergence description="339  339  !!18-11-021  1  ! 120602 50  50 !27-05-02  1    1  ! 312    312  (oCd)        !p1">369.7678899  369.7678899 </tt_emergence>
      <est_days_emerg_to_init units="d">83</est_days_emerg_to_init>
      <x_pp_end_of_juvenile description="18-11-02 10.1  13.8  !12-06-02 10.4   13.6  !27-05-02 11.0  16.0   !  10.9  14.1     ! p4 p5">1.0303653E+01  1.4455769E+01 </x_pp_end_of_juvenile>
      <y_tt_end_of_juvenile description="560 1 !516 1 !   93  !12-06-02 507    10    !27-05-02  790  200   !500   206      ! p2 p3">6.0956273E+02  1.0000000E+00  </y_tt_end_of_juvenile>
      <x_pp_floral_initiation units="h">1      24</x_pp_floral_initiation>
      <y_tt_floral_initiation description="204 204 !493  493  ! 590      590  ! 276   276  !!  264   264  (oCd)   ! p6">144.99962304  144.99962304 </y_tt_floral_initiation>
      <x_pp_flowering units="h">1      24</x_pp_flowering>
      <y_tt_flowering units="oCd">450    450</y_tt_flowering>
      <x_pp_start_grain_fill units="h">1      24</x_pp_start_grain_fill>
      <y_tt_start_grain_fill units="oCd">400  400</y_tt_start_grain_fill>
      <tt_end_grain_fill units="oCd">50.0</tt_end_grain_fill>
      <tt_maturity units="oCd">1.0</tt_maturity>
      <x_stem_wt units="g/plant" description="stem weight per plant">0  8</x_stem_wt>
      <y_height units="mm" description="plant canopy height">0  1500</y_height>
      </yorrel>
			  
    <Moonah cultivar="yes">
      <derived_from>Kayla</derived_from>
    </Moonah>
    <Luxor cultivar="yes">
      <derived_from>Kayla</derived_from>
    </Luxor>
    <Mandelup cultivar="yes">
      <derived_from>Kayla</derived_from>
    </Mandelup>
    <PBABarlock cultivar="yes">
      <derived_from>Kayla</derived_from>
    </PBABarlock>		  
		
	  </Model>
     </Type>
