<Type name="sorghum">
  <MetaData>
    <UItype>CSUserInterface.EmptyUI</UItype>
    <IsCrop>Yes</IsCrop>
    <ShowInMainTree>Yes</ShowInMainTree>
    <Image>%apsim%\UserInterface\Images\sorghum.jpg</Image>
    <Description>Most APSIM crop or plant modules do not require extra user input.  Crop specific parameters are either provided for your chosen soil, or are captured as part of the standard model validation process.</Description>
    <Documentation>%apsim%\Documentation\Model,CropandSoil\CropModuleDocumentation\Sorghum.html</Documentation>
    <!--<Documentation name="Darling downs sensibility tests">http://www.apsim.info/apsim/publish/apsim/sorghum/sensibility/sorghum.gif</Documentation>-->
    <LargeIcon>%apsim%\UserInterface\Images\sorghum32.png</LargeIcon>
    <SmallIcon>%apsim%\UserInterface\Images\sorghum16.png</SmallIcon>
    <dll>%apsim%/Model/Sorghum.%dllext%</dll>
    <drops>
      <drop>toolbox</drop>
      <drop>area</drop>
      <drop>simulation</drop>
      <drop>folder</drop>
      <drop>factor</drop>
    </drops>
    <ApsimToSim>
      <component name="[Sorghum.name]" executable="[dll]" class="Sorghum">
        <executable name="[dll]" version="1.0" />
        <initdata>
               [if [HasChildren]]
                  [Children]
               [else]
                  [Model]
               [endif]
               <ll>[soil.[InstanceName] ll]</ll><kl>[soil.[InstanceName] kl]</kl><xf>[soil.[InstanceName] xf]</xf></initdata>
      </component>
    </ApsimToSim>
  </MetaData>
  <Model>
    <!-- ====================================================================================================
      CONSTANTS  - SPECIES-SPECIFIC PARAMETERS
      ====================================================================================================
      -->
    <crop_type>sorghum</crop_type>
    <default_crop_class>plant</default_crop_class>
    <!-- *****************************************************************************************************
      SECTION 1 - CROP PHENOLOGY: DEVELOPMENT PARAMETERS
      *****************************************************************************************************
      -->
    <stage_names>sowing germination emergence end_of_juvenile floral_initiation flag_leaf flowering start_grain_fill end_grain_fill maturity harvest_ripe end_crop</stage_names>
    <!--                  sow ger eme  juv    fi  flag   fl  st_gf end_gf mat hv_rpe end_crop
      -->
    <stage_code>1   2   3    4      5     6     7    8    9    10   11   12</stage_code>
    <!-- ______________________________________________________________________________
      Seed Germination
      Water stress factor for germination
      -->
    <pesw_germ units="mm/mm" description="plant extractable soil water in seedling layer inadequate for germination (mm/mm)">0.0</pesw_germ>
    <!-- __________________________________________________________________________________________________________-
      Emergence
      -->
    <shoot_lag units="oC" description="time lag before linear coleoptile growth starts (deg days)">15.0</shoot_lag>
    <shoot_rate units="oC/mm" description="growing deg day increase with depth for coleoptile (deg day/mm depth)">0.6</shoot_rate>
    <!-- __________________________________________________________________________________________________________-
      Photoperiod and twilight
      -->
    <twilight units="o" description="Twilight is defined as the interval between sunrise or sunset and the time when the true">-2.2</twilight>
    <!--  centre of the sun is 2.2 degrees below the horizon. Sunrise or sunset is defined as when
      the true centre of the sun is 50' below the horizon.
      __________________________________________________________________________________________________________-
      Thermal time calculation
      -->
    <x_temp units="oC" description="cardinal temps.">11 30  42</x_temp>
    <y_tt units="oC" description="diff">0  19   0</y_tt>
    <!--  sorghum TT parameters between flowering and maturity
      -->
    <x_temp_fm>5.7 23.5</x_temp_fm>
    <y_tt_fm>0   17.8</y_tt_fm>
    <!-- __________________________________________________________________________________________________________-
      Leaf number development
      sorghum number of expanded leaves = number of nodes
      -->
    <leaf_no_at_emerg description="(expanded) leaf number at emergence ()">1.0</leaf_no_at_emerg>
    <leaf_no_seed description="number of leaf primordia present in seed">4.0</leaf_no_seed>
    <leaf_no_min description="minimum leaf number">10.0</leaf_no_min>
    <leaf_no_max description="maximum leaf number">40.0</leaf_no_max>
    <leaf_init_rate units="oCd" description="degree days to initiate each leaf primordium until floral init (deg day)">21.6</leaf_init_rate>
    <leaf_app_rate1 units="oCd" description="Growing deg day required to develop the most leaf ligules. (deg day).">41.0</leaf_app_rate1>
    <leaf_app_rate2 units="oCd" description="Growing deg day required to develop last leaf ligules. (deg day).">20.0</leaf_app_rate2>
    <leaf_no_rate_change description="Leaf no below flag above which leaf appearance rate changes from rate1 to rate2.">3.5</leaf_no_rate_change>
    <!--  RELATIVE to FLAG
      -->
    <leaf_app_rate units="oC" description="last leaf ligules. (deg day).">41.0</leaf_app_rate>
    <!-- *****************************************************************************************************
      SECTION 2 - PHOTOSYNTHESIS BIOMASS GROWTH AND PARTITION
      *****************************************************************************************************
      Photosynthesis and radiation use efficiency (RUE)
      Stage dependent RUE
      sow ger eme  juv    fi  flag   fl  st_gf end_gf mat hv_rpe end_crop
      stage_code       = 1   2   3    4     5     6    7    8     9    10    11   12
      -->
    <rue description="g bio/MJ Radn radiation use efficiency">0   0  1.25  1.25  1.25 1.25  1.25 1.25 1.25 1.25    0    0 </rue>
    <!-- __________________________________________________________________________________________________________-
      Extinction coefficient before anthesis
      Row spacing determined
      -->
    <row_spacing_default units="m" description="Default rowing spacing used to  calculate k">750</row_spacing_default>
    <x_row_spacing units="m" description="Row spacing">0.20   0.50   1.00</x_row_spacing>
    <y_extinct_coef description="extinction coefficient for green leaf">0.70   0.40   0.40</y_extinct_coef>
    <!-- __________________________________________________________________________________________________________-
      Temperature response of photosynthesis- RUE
      -->
    <x_ave_temp units="oC" description="mean daily temperature">8 20 35 50</x_ave_temp>
    <y_stress_photo description="multiplier on RUE">0  1  1  0</y_stress_photo>
    <!-- ________________________________________________-
      Biomass initiation, partition and translocation
      ________________________________________________-
      Initiation
      -->
    <dm_leaf_init units="g/plant" description="leaf weight at emergence (g/plant)">0.1</dm_leaf_init>
    <dm_root_init units="g/plant" description="root weight at emergence (g/plant)">0.1</dm_root_init>
    <dm_stem_init units="g/plant" description="stem weight at emergence (g/plant)">0.1</dm_stem_init>
    <!-- __________________________________________________________________________________________________________-
      Translocation parts
      -->
    <stem_trans_frac description="fraction of stem used in translocation to grain">0.20</stem_trans_frac>
    <leaf_trans_frac description="fraction of leaf used in translocation to grain">0.15</leaf_trans_frac>
    <retransRate>0.15</retransRate>
    <!-- __________________________________________________________________________________________________________-
      Biomass partitioning
      stage_name       = sow ger eme  juv    fi  flag   fl  st_gf end_gf mat hv_rpe end_crop
      stage_code       = 1   2   3    4      5    6      7     8    9    10   11   12
      -->
    <ratio_root_shoot>0   0   1    1     0.33  0.33  0.087  0    0     0    0    0</ratio_root_shoot>
    <!-- partition_rate_leaf = 0.012  ()   ! coefficient of sigmoidal function between leaf partition fraction and internode no**2 (0-1)
      -->
    <partition_rate_leaf description="coefficient of sigmoidal function between leaf partition fraction and internode no**2 (0-1)">0.006</partition_rate_leaf>
    <frac_stem2flower description="fraction of dm allocated to stem that goes to developing head">0.30</frac_stem2flower>
    <!-- __________________________________________________________________________________________________________-
      Grain water content
      -->
    <grn_water_cont units="g/g" description="water content of grain g/g">0.130</grn_water_cont>
    <!-- __________________________________________________________________________________________________________-
      Effect of temperature stress on Grain number
      -->
    <GrainTempWindow>-150 50</GrainTempWindow>
    <GrainTempOrdinals>36 40</GrainTempOrdinals>
    <!-- *****************************************************************************************************
      SECTION 3 - LEAF/STEM/POD AREA GROWTH
      *****************************************************************************************************
      ______________________________________________________________________________
      LEAF SIZE AS A FUNCTION OF LEAF NUMBER
      -->
    <leaf_no_correction description="corrects for other growing leaves">1.52</leaf_no_correction>
    <!-- ______________________________________________________________________________
      SPECIFIC LEAF AREA - SLA
      -->
    <x_lai>0.1    4</x_lai>
    <y_lai_sla_max description="maximum specific leaf area for delta LAI">50000 25000 </y_lai_sla_max>
    <lai_sla_min description="minimum specific leaf area for delta LAI">8000  8000 </lai_sla_min>
    <sla_max units="mm^2/g">45000</sla_max>
    <sla_min units="mm^2/g" description="minimum specific leaf area for new leaf area">8000</sla_min>
    <!-- ______________________________________________________________________________
      TPLA  - USED TO INTIALISE THE INITIAL LAI
      -->
    <initial_tpla units="mm^2/plant" description="initial total plant leaf area">200.0</initial_tpla>
    <!-- ______________________________________________________________________________
      Leaf Area development - TPLA
      -->
    <tiller_coef description="exponent for determining leaf area on each additional tiller">0.66</tiller_coef>
    <tpla_inflection_ratio description="inflection coefficient of TPLA curve">0.66</tpla_inflection_ratio>
    <!-- ______________________________________________________________________________
      Height
      -->
    <height_max units="mm" description="maximum canopy height">3500.0</height_max>
    <height_stem_slope units="mm/g/stem" description="rate of height growth (mm/g/stem)">250.0</height_stem_slope>
    <!-- *****************************************************************************************************
      SECTION 4 - ROOT DEPTH AND ROOT LENGTH GROWTH
      *****************************************************************************************************
      __________________________________________________________________________________________________________-
      ROOTING DEPTH
      stage_name       sow  ger  eme  juv    fi   flag    fl  st_gf end_gf   mat  hv_rpe  end_crop
      stage_code      = 1    2    3    4      5     6     7    8      9      10   11   12
      -->
    <root_depth_rate description="mm/day.">0 27.0  27.0  27.0 27.0  27.0   27.0   0      0       0    0    0 </root_depth_rate>
    <!-- x_sw_ratio = [sw_dep(lay)-ll_dep(lay)]/[dul_dep(lay)-ll_dep(lay)] in the deepest root layer
      -->
    <x_sw_ratio description="water availability for effects on root depth growth">0   0.25</x_sw_ratio>
    <y_sw_fac_root description="stress factor for root depth growth, This may be probably the same for all crops">0   1</y_sw_fac_root>
    <!-- __________________________________________________________________________________________________________-
      ROOT LENGTH CALCULATION
      -->
    <initial_root_depth units="mm" description="initial depth of roots (mm)">50</initial_root_depth>
    <specific_root_length units="mm/g">100000</specific_root_length>
    <!-- The following can increase or decrease the root length density in a layer based on the rld per plant
      -->
    <x_plant_rld units="mm/mm3/plant" description="root branching">0.0  0.1</x_plant_rld>
    <y_rel_root_rate units="0-1">1.0  1.0</y_rel_root_rate>
    <!-- *****************************************************************************************************
      SECTION 5 - WATER RELATIONS AND WATER STRESS FACTORS
      *****************************************************************************************************
      STAGE DEPENDENT TRANSPIRATION COEFFICIENTS
      Transpiration efficiency coefficient to convert vpd to transpiration efficiency (kpa)
      The following transp_eff_cf values are from i_wheat model  - ew
      in the form kpa/g carbo per m^2 / g water per m^2 (kpa/g carbo per m^2 / mm water) because 1g water = 1 cm^3 water
      sow    ger     eme    juv      fi      flag   fl  st_gf end_gf mat hv_rpe end_crop
      stage_code       = 1    2       3       4       5       6      7      8      9      10     11     12
      -->
    <transp_eff_cf units="kpa">0.009 0.009 0.009 0.009 0.009 0.009  0.009  0.009  0.009  0.009   0.009   0.009</transp_eff_cf>
    <!-- __________________________________________________________________________________________________________-
      VPD FRACTION
      Fraction of distance between svp at min temp and svp at max temp where average svp during transpiration lies.
      -->
    <svp_fract description="(0-1)">0.75  </svp_fract>
    <!-- __________________________________________________________________________________________________________-
      WATER STRESS FACTORS FOR PHOTOSYNTHESIS, EXPANSION AND DEVELOPMENT
      swdef_photo for photosynthesis is calculated in the code as = sw_supply_sum/sw_demand - function crop_swdef_photo
      For expansion growth, more sensitive than other growth processes
      x_sw_demand_ratio = sw_supply_sum/sw_demand
      -->
    <x_sw_demand_ratio description="water availability This is the original value">0.1 1.1</x_sw_demand_ratio>
    <y_swdef_leaf description="stress indices">0   1</y_swdef_leaf>
    <!-- For phenology stress factor based on available soil water portion
      sw_avail_pot_sum = sum_real_array (sw_avail_pot, deepest_layer),
      sw_avail_sum     = sum_real_array (sw_avail, deepest_layer)
      sw_avail_ratio   = divide (sw_avail_sum, sw_avail_pot_sum, 1.0) !???
      -->
    <x_sw_avail_ratio description="water availability Needs to be severe to worry phenology">0 0.2 1.0</x_sw_avail_ratio>
    <y_swdef_pheno description="stress indices">0 1.0 1.0</y_swdef_pheno>
    <!-- *****************************************************************************************************
      SECTION 6 -NITROGEN RELATIONS, UPTAKE AND STRESS FACTORS
      *****************************************************************************************************
      ______________________________________________________________________________
      UPTAKE PREFERENCE AND CONSTANTS
      preference for n supply - it is assumed that mass flow is always predominant, but further crop preference can
      be specified as follows:
      'active'   = diffusive flow before fixation
      'fixation' = fixed N before active uptake.
      Time constant for N uptake by diffusion. H van Keulen &  NG Seligman. Purdoe 1987.
      This is the  time it would take to remove, by diffusion, current amount of N if it wasn't depleted between time steps
      -->
    <no3_diffn_const units="days">2.0</no3_diffn_const>
    <!-- ______________________________________________________________________________
      LEGUME N FIXATION RATE
      sow  ger     eme  juv     fi   flag    fl   st_gf  end_gf   mat  hv_rpe  end_crop
      stage_code  =  1     2      3    4      5      6      7      8      9      10     11     12
      ______________________________________________________________________________
      NITROGEN STRESS FACTORS FOR PHOTOSYNTHESIS,LEAF GROWTH AND DEVELOPMENT
      scc Some of these probably need to be smaller - not seeing an effect or else too much N being made available?
      n_conc_ratio      = divide ((N_conc_stover - N_conc_stover_min),(N_conc_stover_crit-N_conc_stover_min),0.0)
      n_conc_ratio_leaf = divide ((N_conc_leaf - N_conc_leaf_min), (N_conc_leaf_crit - N_conc_leaf_min), 0.0)
      g_nfact_photo     = N_fact_photo * N_conc_ratio   <______ why here not using the leaf nitrogen
      g_n_fact_pheno    = N_fact_pheno * N_conc_ratio
      g_nfact_expansion = N_fact_expansion * n_conc_ratio_leaf
      -->
    <maxUptakeRate>0.029</maxUptakeRate>
    <!-- ______________________________________________________________________________
      INITIAL NITROGEN CONCENTRATION OF ORGANS
      -->
    <initialRootNConc>0.020</initialRootNConc>
    <targetRootNConc>0.002</targetRootNConc>
    <initialLeafSLN>1.5</initialLeafSLN>
    <targetLeafSLN>1.5</targetLeafSLN>
    <newLeafSLN>1.0</newLeafSLN>
    <leafDilnNSlope>0.0043</leafDilnNSlope>
    <leafDilnNInt>-0.0017</leafDilnNInt>
    <initialStemNConc>0.01</initialStemNConc>
    <x_stem_n>3         5       7         10</x_stem_n>
    <targetStemNConc>0.055   0.016   0.01      0.005</targetStemNConc>
    <structStemNConc>0.012  0.012   0.005   0.0015</structStemNConc>
    <stemDilnNSlope>0.0062</stemDilnNSlope>
    <stemDilnNInt>-0.001</stemDilnNInt>
    <initialRachisNConc>0.000</initialRachisNConc>
    <targetRachisNConc>0.01</targetRachisNConc>
    <structRachisNConc>0.003</structRachisNConc>
    <rachisDilnNSlope>0.0062</rachisDilnNSlope>
    <rachisDilnNInt>-0.001</rachisDilnNInt>
    <grainFillRate units="mg/grain/dd">0.001</grainFillRate>
    <targetGrainNConc>0.0175</targetGrainNConc>
    <grainFillIntercept>0.0000319</grainFillIntercept>
    <grainFillSlope>0.4026</grainFillSlope>
    <nUptakeCease>570</nUptakeCease>
    <nSupplyFrac>5</nSupplyFrac>
    <!-- *****************************************************************************************************
      SECTION 7 -SENESCENCE AND DETACHMENT
      *****************************************************************************************************
      ______________________________________________________________________________
      DM SENESCENCE
      -->
    <dm_root_sen_frac description="fraction of root dry matter senesced each day">0.002</dm_root_sen_frac>
    <!-- ______________________________________________________________________________
      LEAF NUMBER AND AREA SENESCENCE
      -->
    <lai_sen_light units="m^2/m^2" description="induced senescence occurs (m^2/m^2)">4.0</lai_sen_light>
    <sen_light_slope description="sensitivity of leaf area senescence to shading">0.008</sen_light_slope>
    <x_temp_senescence description="minimum temperature for frost senescence table (oC)">0.0 6.0 </x_temp_senescence>
    <y_senescence_fac description="daily fraction of leaf area senesced due to frost (0-1)">1   0 </y_senescence_fac>
    <sen_rate_water description="slope in linear eqn relating soil water stress during photosynthesis to leaf senesence rate">0.05</sen_rate_water>
    <!-- ______________________________________________________________________________
      DETACHMENT
      root leaf stem flower grain
      -->
    <dead_detach_frac description="fraction detached from each part of a dead plant per day.">0 0 0 0 0</dead_detach_frac>
    <dm_leaf_detach_frac>0</dm_leaf_detach_frac>
    <!-- ______________________________________________________________________________
      Sorghum Senescence
      light
      -->
    <sen_light_time_const units="days" description="delay factor for light senescence">10.0</sen_light_time_const>
    <sen_radn_crit units="Mj/m^2" description="radiation level for onset of light senescence">2</sen_radn_crit>
    <!--  frost
      -->
    <frost_kill units="oC" description="temperature threshold for leaf death">1.0</frost_kill>
    <!--  water
      -->
    <sen_water_time_const units="days" description="delay factor for water senescence">10.0</sen_water_time_const>
    <sen_threshold description="supply:demand ratio for onset of water senescence">0.25</sen_threshold>
    <!-- age
      -->
    <spla_slope units="oC/leaf" description="regression slope for calculating inflection point for leaf senescence">81.5</spla_slope>
    <!-- *****************************************************************************************************
      SECTION 8 - WE MIGHT PUT RETRANSLOCATION OF DM AND N IN THIS SECTION
      *****************************************************************************************************
      *****************************************************************************************************
      SECTION 9 - CROP FAILURE AND DEATH
      *****************************************************************************************************
      ______________________________________________________________________________
      crop failure
      -->
    <tt_emerg_limit units="oCd" description="maximum degree days allowed for emergence to take place">150.0</tt_emerg_limit>
    <days_germ_limit units="days" description="maximum days allowed after sowing for germination to take place (days)">40.0</days_germ_limit>
    <swdf_photo_limit description="critical cumulative photosynthesis water stress, above which the crop partly fails (unitless)">99.0</swdf_photo_limit>
    <swdf_photo_rate description="rate of plant reduction with photosynthesis water stress">0.0</swdf_photo_rate>
    <swdf_pheno_limit description="critical cumulative phenology water stress, above which the crop fails (unitless)">99.0</swdf_pheno_limit>
    <!-- ______________________________________________________________________________
      PLANT DEATH
      -->
    <x_weighted_temp units="oC">55.0  60.0</x_weighted_temp>
    <y_plant_death>0.0   1.0</y_plant_death>
    <!-- %%%%%%%%%%%%%%%%%%%%%%%%%%%%%%%%%%%%%%%%%%%%%%%%%%%%%%%%%%%%%%%%%%%%%%%%%%%%%%%%%%%%%%%%%%%%%%%%%%%%%%%%%%%
      SECTION 10 - PHOSPHORUS RELATIONS, UPTAKE AND STRESS FACTORS
      %%%%%%%%%%%%%%%%%%%%%%%%%%%%%%%%%%%%%%%%%%%%%%%%%%%%%%%%%%%%%%%%%%%%%%%%%%%%%%%%%%%%%%%%%%%%%%%%%%%%%%%%%%%
      ______________________________________________________________________________
      PHOSPHORUS CONCENTRATION LIMITS: MAXIMUM, MINIMUM AND SENESCED P CONCENTRATIONS
      -->
    <stress_determinants>leaf stem grain</stress_determinants>
    <yield_parts>grain</yield_parts>
    <retrans_parts>leaf stem  flower</retrans_parts>
    <pfact_photo_slope>2.5</pfact_photo_slope>
    <pfact_expansion_slope>2.5</pfact_expansion_slope>
    <pfact_pheno_slope>100</pfact_pheno_slope>
    <pfact_grain_slope>20</pfact_grain_slope>
    <p_uptake_factor description="factor to calc total P uptake from demand for today's growth">1.5 </p_uptake_factor>
    <x_p_stage_code>3       4      5      6      7      8      10</x_p_stage_code>
    <y_p_conc_max_leaf>0.0059  0.0054 0.0040 0.0029 0.0026 0.0025 0.0022</y_p_conc_max_leaf>
    <y_p_conc_min_leaf>0.003   0.003  0.0029 0.0011 0.0011 0.0008 0.0006</y_p_conc_min_leaf>
    <y_p_conc_sen_leaf>0.0005  0.0005 0.0005 0.0005 0.0005 0.0005 0.0005</y_p_conc_sen_leaf>
    <y_p_conc_max_stem>0.0057  0.0038 0.0037 0.0018 0.0016 0.0013 0.0013</y_p_conc_max_stem>
    <y_p_conc_min_stem>0.003   0.003  0.002  0.0006 0.0006 0.0002 0.0002</y_p_conc_min_stem>
    <y_p_conc_sen_stem>0.0002  0.0002 0.0002 0.0002 0.0002 0.0002 0.0002</y_p_conc_sen_stem>
    <y_p_conc_max_root description="assume P conc in roots non-varying">0.0010  0.0010 0.0010 0.0010 0.0010 0.0010 0.0010</y_p_conc_max_root>
    <y_p_conc_min_root>0.0010  0.0010 0.0010 0.0010 0.0010 0.0010 0.0010</y_p_conc_min_root>
    <y_p_conc_sen_root>0.0010  0.0010 0.0010 0.0010 0.0010 0.0010 0.0010</y_p_conc_sen_root>
    <y_p_conc_max_flower description="assumed same as stem">0.0057  0.0038 0.0037 0.0018 0.0016 0.0013 0.0013</y_p_conc_max_flower>
    <y_p_conc_min_flower>0.003   0.003  0.002  0.0006 0.0006 0.0002 0.0002</y_p_conc_min_flower>
    <y_p_conc_sen_flower>0.0002  0.0002 0.0002 0.0002 0.0002 0.0002 0.0002</y_p_conc_sen_flower>
    <y_p_conc_max_grain>0.001   0.001  0.001  0.001  0.052  0.0044  0.0034</y_p_conc_max_grain>
    <y_p_conc_min_grain description="based on Kenya maize data">0.001   0.001  0.001  0.001  0.001  0.0015  0.0015</y_p_conc_min_grain>
    <y_p_conc_sen_grain>0.001   0.001  0.001  0.001  0.001  0.0015  0.0015</y_p_conc_sen_grain>
    <y_p_conc_max_energy>0.001   0.001  0.001  0.001  0.001  0.001  0.001</y_p_conc_max_energy>
    <y_p_conc_min_energy>0.001   0.001  0.001  0.001  0.001  0.001  0.001</y_p_conc_min_energy>
    <y_p_conc_sen_energy>0.001   0.001  0.001  0.001  0.001  0.001  0.001</y_p_conc_sen_energy>
    <p_conc_init_leaf>0.0059</p_conc_init_leaf>
    <p_conc_init_stem>0.0057</p_conc_init_stem>
    <p_conc_init_root>0.010</p_conc_init_root>
    <p_conc_init_flower>0.0057</p_conc_init_flower>
    <p_conc_init_grain>0.0052</p_conc_init_grain>
    <p_conc_init_energy>0.0</p_conc_init_energy>
    <!-- *****************************************************************************************************
      SECTION 11 - VALUE LIMITS - MAX AND MINS
      *****************************************************************************************************
      ______________________________________________________________________________
      ROOT PARAMETERS
      -->
    <ll_ub description="upper limit of lower limit">1000.0</ll_ub>
    <kl_ub description="upper limit of water uptake factor">1.0</kl_ub>
    <!-- ______________________________________________________________________________
      SOIL WATER
      -->
    <minsw description="lowest acceptable value for ll">0.00001</minsw>
    <!-- ______________________________________________________________________________
      OTHER VARIABLES
      limits set to check inputs
      -->
    <latitude_ub units="oL" description="latitude upper limit">90</latitude_ub>
    <latitude_lb units="oL" description="latitude lower limit">-90</latitude_lb>
    <maxt_ub units="oC" description="max. temperature upper limit">55</maxt_ub>
    <maxt_lb units="oC" description="max. temperature lower limit">0</maxt_lb>
    <mint_ub units="oC" description="min. temperature upper limit">40</mint_ub>
    <mint_lb units="oC" description="min. temperature lower limit">-10</mint_lb>
    <radn_ub units="MJ/m^2" description="radiation upper limit">50</radn_ub>
    <radn_lb units="MJ/m^2" description="radiation lower limit">1</radn_lb>
    <dlayer_ub units="mm" description="layer depth upper limit">1000</dlayer_ub>
    <dlayer_lb units="mm" description="layer depth lower limit">0</dlayer_lb>
    <dul_dep_ub units="mm" description="drained upper limit upper limit">1000</dul_dep_ub>
    <dul_dep_lb units="mm" description="drained upper limit lower limit">0</dul_dep_lb>
    <sw_dep_ub units="mm" description="soil water upper limit">1000</sw_dep_ub>
    <sw_dep_lb units="mm" description="soil water lower limit">0</sw_dep_lb>
    <sw_ub units="mm" description="soil water upper limit">1.0</sw_ub>
    <sw_lb units="mm" description="soil water upper limit">0.0</sw_lb>
    <no3_ub units="kg/ha" description="soil nitrate upper limit">10000</no3_ub>
    <no3_lb units="kg/ha" description="soil nitrate lower limit">0</no3_lb>
    <no3_min_ub units="kg/ha" description="min. soil nitrate upper limit">10000</no3_min_ub>
    <no3_min_lb units="kg/ha" description="min. soil nitrate lower limit">0</no3_min_lb>
    <nh4_ub units="kg/ha" description="soil nitrate upper limit">10000</nh4_ub>
    <nh4_lb units="kg/ha" description="soil nitrate lower limit">0</nh4_lb>
    <nh4_min_ub units="kg/ha" description="min. soil nitrate upper limit">10000</nh4_min_ub>
    <nh4_min_lb units="kg/ha" description="min. soil nitrate lower limit">0</nh4_min_lb>
    <!--  cultivar parameter upper bounds
      -->
    <head_grain_no_max_ub description="upper limit  !NOT USED">45000.0</head_grain_no_max_ub>
    <grain_gth_rate_ub description="upper limit  !NOT USED">20.0</grain_gth_rate_ub>
    <tt_emerg_to_endjuv_ub description="upper limit">500.0</tt_emerg_to_endjuv_ub>
    <pp_endjuv_to_init_ub description="upper limit oC h-1">200.0</pp_endjuv_to_init_ub>
    <tt_flower_to_maturity_ub description="upper limit">1000.0</tt_flower_to_maturity_ub>
    <tt_maturity_to_ripe_ub description="upper limit">1000.0</tt_maturity_to_ripe_ub>
    <tt_flower_to_start_grain_ub description="upper limit">1000.0</tt_flower_to_start_grain_ub>
    <tt_flag_to_flower_ub description="upper limit">1000.0</tt_flag_to_flower_ub>
    <senescedLeafSLN>0.3</senescedLeafSLN>
    <Buster cultivar="yes">
      <!-- ________________________________________________________________________________________________________
         PHENOLOGY
         ________________________________________________________________________________________________________
         -->
      <tt_emerg_to_endjuv units="oC" description="fixed for all genotypes">100</tt_emerg_to_endjuv>
      <photoperiod_crit1 units="hours">11.5</photoperiod_crit1>
      <photoperiod_crit2 units="hours">13.5</photoperiod_crit2>
      <photoperiod_slope>11.5</photoperiod_slope>
      <tt_endjuv_to_init units="oC">160</tt_endjuv_to_init>
      <tt_flag_to_flower>170</tt_flag_to_flower>
      <tt_flower_to_start_grain>80</tt_flower_to_start_grain>
      <tt_maturity_to_ripe>1</tt_maturity_to_ripe>
      <tt_flower_to_maturity units="oC" description="using base temp of 5.7">761</tt_flower_to_maturity>
      <!-- ________________________________________________________________________________________________________
         LEAF AREA - TPLA approach
         ________________________________________________________________________________________________________
         -->
      <main_stem_coef description="Power coeff for TPLAmax=TLN^coef">2.90</main_stem_coef>
      <tpla_prod_coef units="1/oC" description="curvature coefficient for leaf area">0.018</tpla_prod_coef>
      <!-- ________________________________________________________________________________________________________
         SENESCING LEAF AREA - SPLA approach
         ________________________________________________________________________________________________________
         ________________________________________________________________________________________________________
         GRAIN GROWTH - source/sink approach
         ________________________________________________________________________________________________________
         -->
      <dm_per_seed>0.00083</dm_per_seed>
      <maxGFRate>0.09</maxGFRate>
      <!-- ________________________________________________________________________________________________________
         CANOPY HEIGHT - function of stem biomass per plant (need to adjust this for density effects)
         ________________________________________________________________________________________________________
         -->
      <x_stem_wt units="g/stem" description="look up table for canopy height">0    80</x_stem_wt>
      <y_height units="mm" description="plant canopy height">0  2000</y_height>
    </Buster>
    <early cultivar="yes">
      <!-- ________________________________________________________________________________________________________
         PHENOLOGY
         ________________________________________________________________________________________________________
         -->
      <tt_emerg_to_endjuv units="oC" description="fixed for all genotypes">100</tt_emerg_to_endjuv>
      <photoperiod_crit1 units="hours">11.5</photoperiod_crit1>
      <photoperiod_crit2 units="hours">13.5</photoperiod_crit2>
      <photoperiod_slope>11.5</photoperiod_slope>
      <tt_endjuv_to_init units="oC">114</tt_endjuv_to_init>
      <tt_flag_to_flower>170</tt_flag_to_flower>
      <tt_flower_to_start_grain>80</tt_flower_to_start_grain>
      <tt_maturity_to_ripe>1</tt_maturity_to_ripe>
      <tt_flower_to_maturity units="oC" description="using base temp of 5.7">761</tt_flower_to_maturity>
      <!-- ________________________________________________________________________________________________________
         LEAF AREA - TPLA approach
         ________________________________________________________________________________________________________
         -->
      <main_stem_coef description="Power coeff for TPLAmax=TLN^coef">2.9</main_stem_coef>
      <tpla_prod_coef units="1/oC" description="curvature coefficient for leaf area">0.018</tpla_prod_coef>
      <!-- ________________________________________________________________________________________________________
         GRAIN GROWTH - source/sink approach
         ________________________________________________________________________________________________________
         -->
      <dm_per_seed>0.00083</dm_per_seed>
      <maxGFRate>0.09</maxGFRate>
      <!-- ________________________________________________________________________________________________________
         CANOPY HEIGHT - function of stem biomass per plant (need to adjust this for density effects)
         ________________________________________________________________________________________________________
         -->
      <x_stem_wt units="g/stem" description="look up table for canopy height">0    80</x_stem_wt>
      <y_height units="mm" description="plant canopy height">0  2000</y_height>
    </early>
    <medium cultivar="yes">
      <!-- ________________________________________________________________________________________________________
         PHENOLOGY
         ________________________________________________________________________________________________________
         -->
      <tt_emerg_to_endjuv units="oC" description="fixed for all genotypes">100</tt_emerg_to_endjuv>
      <photoperiod_crit1 units="hours">11.5</photoperiod_crit1>
      <photoperiod_crit2 units="hours">13.5</photoperiod_crit2>
      <photoperiod_slope>11.5</photoperiod_slope>
      <tt_endjuv_to_init units="oC">157</tt_endjuv_to_init>
      <tt_flag_to_flower>170</tt_flag_to_flower>
      <tt_flower_to_start_grain>80</tt_flower_to_start_grain>
      <tt_maturity_to_ripe>1</tt_maturity_to_ripe>
      <tt_flower_to_maturity units="oC" description="using base temp of 5.7">761</tt_flower_to_maturity>
      <!-- ________________________________________________________________________________________________________
         LEAF AREA - TPLA approach
         ________________________________________________________________________________________________________
         -->
      <main_stem_coef description="Power coeff for TPLAmax=TLN^coef">2.9</main_stem_coef>
      <tpla_prod_coef units="1/oC" description="curvature coefficient for leaf area">0.018</tpla_prod_coef>
      <!-- ________________________________________________________________________________________________________
         GRAIN GROWTH - source/sink approach
         ________________________________________________________________________________________________________
         -->
      <dm_per_seed>0.00083</dm_per_seed>
      <maxGFRate>0.09</maxGFRate>
      <!-- ________________________________________________________________________________________________________
         CANOPY HEIGHT - function of stem biomass per plant (need to adjust this for density effects)
         ________________________________________________________________________________________________________
         -->
      <x_stem_wt units="g/stem" description="look up table for canopy height">0    80</x_stem_wt>
      <y_height units="mm" description="plant canopy height">0  2000</y_height>
    </medium>
    <late cultivar="yes">
      <!-- ________________________________________________________________________________________________________
         PHENOLOGY
         ________________________________________________________________________________________________________
         -->
      <tt_emerg_to_endjuv units="oC" description="fixed for all genotypes">100</tt_emerg_to_endjuv>
      <photoperiod_crit1 units="hours">11.5</photoperiod_crit1>
      <photoperiod_crit2 units="hours">13.5</photoperiod_crit2>
      <photoperiod_slope>11.5</photoperiod_slope>
      <tt_endjuv_to_init units="oC">201</tt_endjuv_to_init>
      <tt_flag_to_flower>170</tt_flag_to_flower>
      <tt_flower_to_start_grain>80</tt_flower_to_start_grain>
      <tt_maturity_to_ripe>1</tt_maturity_to_ripe>
      <tt_flower_to_maturity units="oC" description="using base temp of 5.7">761</tt_flower_to_maturity>
      <!-- ________________________________________________________________________________________________________
         LEAF AREA - TPLA approach
         ________________________________________________________________________________________________________
         -->
      <main_stem_coef description="Power coeff for TPLAmax=TLN^coef">2.9</main_stem_coef>
      <tpla_prod_coef units="1/oC" description="curvature coefficient for leaf area">0.018</tpla_prod_coef>
      <!-- ________________________________________________________________________________________________________
         GRAIN GROWTH - source/sink approach
         ________________________________________________________________________________________________________
         -->
      <dm_per_seed>0.00083</dm_per_seed>
      <maxGFRate>0.09</maxGFRate>
      <!-- ________________________________________________________________________________________________________
         CANOPY HEIGHT - function of stem biomass per plant (need to adjust this for density effects)
         ________________________________________________________________________________________________________
         -->
      <x_stem_wt units="g/stem" description="look up table for canopy height">0    80</x_stem_wt>
      <y_height units="mm" description="plant canopy height">0  2000</y_height>
    </late>
    <QL41xQL36 cultivar="yes">
      <!-- ________________________________________________________________________________________________________
         PHENOLOGY
         ________________________________________________________________________________________________________
         -->
      <tt_emerg_to_endjuv units="oC" description="fixed for all genotypes">100</tt_emerg_to_endjuv>
      <photoperiod_crit1 units="hours">11.5</photoperiod_crit1>
      <photoperiod_crit2 units="hours">13.5</photoperiod_crit2>
      <photoperiod_slope>12.5</photoperiod_slope>
      <tt_endjuv_to_init units="oC">179</tt_endjuv_to_init>
      <tt_flag_to_flower>170</tt_flag_to_flower>
      <tt_flower_to_start_grain>80</tt_flower_to_start_grain>
      <tt_maturity_to_ripe>1</tt_maturity_to_ripe>
      <tt_flower_to_maturity units="oC" description="using base temp of 5.7">761</tt_flower_to_maturity>
      <!-- ________________________________________________________________________________________________________
         LEAF AREA - TPLA approach
         ________________________________________________________________________________________________________
         -->
      <main_stem_coef description="Power coeff for TPLAmax=TLN^coef">2.90</main_stem_coef>
      <tpla_prod_coef units="1/oC" description="curvature coefficient for leaf area">0.018</tpla_prod_coef>
      <!-- ________________________________________________________________________________________________________
         GRAIN GROWTH - source/sink approach
         ________________________________________________________________________________________________________
         -->
      <dm_per_seed>0.00083</dm_per_seed>
      <maxGFRate>0.09</maxGFRate>
      <!-- ________________________________________________________________________________________________________
         CANOPY HEIGHT - function of stem biomass per plant (need to adjust this for density effects)
         ________________________________________________________________________________________________________
         -->
      <x_stem_wt units="g/stem" description="look up table for canopy height">0    80</x_stem_wt>
      <y_height units="mm" description="plant canopy height">0  2000</y_height>
    </QL41xQL36>
    <QL39xQL36 cultivar="yes">
      <!-- ________________________________________________________________________________________________________
         PHENOLOGY
         ________________________________________________________________________________________________________
         -->
      <tt_emerg_to_endjuv units="oC" description="fixed for all genotypes">100</tt_emerg_to_endjuv>
      <photoperiod_crit1 units="hours">11.8</photoperiod_crit1>
      <photoperiod_crit2 units="hours">14</photoperiod_crit2>
      <photoperiod_slope>39.7</photoperiod_slope>
      <tt_endjuv_to_init units="oC">114.4</tt_endjuv_to_init>
      <tt_flag_to_flower>170</tt_flag_to_flower>
      <tt_flower_to_start_grain>80</tt_flower_to_start_grain>
      <tt_maturity_to_ripe>1</tt_maturity_to_ripe>
      <tt_flower_to_maturity units="oC" description="using base temp of 5.7">761</tt_flower_to_maturity>
      <!-- ________________________________________________________________________________________________________
         LEAF AREA - TPLA approach
         ________________________________________________________________________________________________________
         -->
      <main_stem_coef description="Power coeff for TPLAmax=TLN^coef">2.9</main_stem_coef>
      <tpla_prod_coef units="1/oC" description="curvature coefficient for leaf area">0.018</tpla_prod_coef>
      <!-- ________________________________________________________________________________________________________
         GRAIN GROWTH - source/sink approach
         ________________________________________________________________________________________________________
         -->
      <dm_per_seed>0.00083</dm_per_seed>
      <maxGFRate>0.09</maxGFRate>
      <!-- ________________________________________________________________________________________________________
         CANOPY HEIGHT - function of stem biomass per plant (need to adjust this for density effects)
         ________________________________________________________________________________________________________
         -->
      <x_stem_wt units="g/stem" description="look up table for canopy height">0    80</x_stem_wt>
      <y_height units="mm" description="plant canopy height">0  2000</y_height>
    </QL39xQL36>
    <dekalb_DK55 cultivar="yes">
      <!-- ________________________________________________________________________________________________________
         PHENOLOGY
         ________________________________________________________________________________________________________
         -->
      <tt_emerg_to_endjuv units="oC" description="fixed for all genotypes">100</tt_emerg_to_endjuv>
      <photoperiod_crit1 units="hours">11</photoperiod_crit1>
      <photoperiod_crit2 units="hours">13</photoperiod_crit2>
      <photoperiod_slope>0</photoperiod_slope>
      <tt_endjuv_to_init units="oC">205</tt_endjuv_to_init>
      <tt_flag_to_flower>100</tt_flag_to_flower>
      <tt_flower_to_start_grain>30</tt_flower_to_start_grain>
      <tt_maturity_to_ripe>1</tt_maturity_to_ripe>
      <tt_flower_to_maturity units="oC" description="using base temp of 5.7">695</tt_flower_to_maturity>
      <!-- ________________________________________________________________________________________________________
         LEAF AREA - TPLA approach
         ________________________________________________________________________________________________________
         -->
      <main_stem_coef description="Power coeff for TPLAmax=TLN^coef">2.95</main_stem_coef>
      <tpla_prod_coef units="1/oC" description="curvature coefficient for leaf area">0.012</tpla_prod_coef>
      <!-- ________________________________________________________________________________________________________
         GRAIN GROWTH - source/sink approach
         ________________________________________________________________________________________________________
         -->
      <dm_per_seed>0.00083</dm_per_seed>
      <maxGFRate>0.09</maxGFRate>
      <!-- ________________________________________________________________________________________________________
         CANOPY HEIGHT - function of stem biomass per plant (need to adjust this for density effects)
         ________________________________________________________________________________________________________
         -->
      <x_stem_wt units="g/stem" description="look up table for canopy height">0  80</x_stem_wt>
      <y_height units="mm" description="plant canopy height">0  2000</y_height>
    </dekalb_DK55>
    <texas_RS610 cultivar="yes">
      <!-- ________________________________________________________________________________________________________
         PHENOLOGY
         ________________________________________________________________________________________________________
         -->
      <tt_emerg_to_endjuv units="oC" description="fixed for all genotypes">100</tt_emerg_to_endjuv>
      <photoperiod_crit1 units="hours">12.3</photoperiod_crit1>
      <photoperiod_crit2 units="hours">14.6</photoperiod_crit2>
      <photoperiod_slope>38.4</photoperiod_slope>
      <tt_endjuv_to_init units="oC">120</tt_endjuv_to_init>
      <tt_flag_to_flower>100</tt_flag_to_flower>
      <tt_flower_to_start_grain>30</tt_flower_to_start_grain>
      <tt_maturity_to_ripe>1</tt_maturity_to_ripe>
      <tt_flower_to_maturity units="oC" description="using base temp of 5.7">695</tt_flower_to_maturity>
      <!-- ________________________________________________________________________________________________________
         LEAF AREA - TPLA approach
         ________________________________________________________________________________________________________
         -->
      <main_stem_coef description="Power coeff for TPLAmax=TLN^coef">2.88</main_stem_coef>
      <tpla_prod_coef units="1/oC" description="curvature coefficient for leaf area">0.018</tpla_prod_coef>
      <!-- ________________________________________________________________________________________________________
         GRAIN GROWTH - source/sink approach
         ________________________________________________________________________________________________________
         -->
      <dm_per_seed>0.00083</dm_per_seed>
      <maxGFRate>0.09</maxGFRate>
      <!-- ________________________________________________________________________________________________________
         CANOPY HEIGHT - function of stem biomass per plant (need to adjust this for density effects)
         ________________________________________________________________________________________________________
         -->
      <x_stem_wt units="g/stem" description="look up table for canopy height">0  80</x_stem_wt>
      <y_height units="mm" description="plant canopy height">0  2000</y_height>
    </texas_RS610>
    <pioneer_s34 cultivar="yes">
      <!-- ________________________________________________________________________________________________________
         PHENOLOGY
         ________________________________________________________________________________________________________
         -->
      <tt_emerg_to_endjuv units="oC" description="fixed for all genotypes">100</tt_emerg_to_endjuv>
      <photoperiod_crit1 units="hours">12.3</photoperiod_crit1>
      <photoperiod_crit2 units="hours">14.6</photoperiod_crit2>
      <photoperiod_slope>25</photoperiod_slope>
      <tt_endjuv_to_init units="oC">115</tt_endjuv_to_init>
      <tt_flag_to_flower>100</tt_flag_to_flower>
      <tt_flower_to_start_grain>30</tt_flower_to_start_grain>
      <tt_maturity_to_ripe>1</tt_maturity_to_ripe>
      <tt_flower_to_maturity units="oC" description="using base temp of 5.7">695</tt_flower_to_maturity>
      <!-- ________________________________________________________________________________________________________
         LEAF AREA - TPLA approach
         ________________________________________________________________________________________________________
         -->
      <main_stem_coef description="Power coeff for TPLAmax=TLN^coef">2.95</main_stem_coef>
      <tpla_prod_coef units="1/oC" description="curvature coefficient for leaf area">0.015</tpla_prod_coef>
      <!-- ________________________________________________________________________________________________________
         GRAIN GROWTH - source/sink approach
         ________________________________________________________________________________________________________
         -->
      <dm_per_seed>0.00083</dm_per_seed>
      <maxGFRate>0.09</maxGFRate>
      <!-- ________________________________________________________________________________________________________
         CANOPY HEIGHT - function of stem biomass per plant (need to adjust this for density effects)
         ________________________________________________________________________________________________________
         -->
      <x_stem_wt units="g/stem" description="look up table for canopy height">0  80</x_stem_wt>
      <y_height units="mm" description="plant canopy height">0  2000</y_height>
    </pioneer_s34>
    <texas_671 cultivar="yes">
      <!-- ________________________________________________________________________________________________________
         PHENOLOGY
         ________________________________________________________________________________________________________
         -->
      <tt_emerg_to_endjuv units="oC" description="fixed for all genotypes">100</tt_emerg_to_endjuv>
      <photoperiod_crit1 units="hours">12.3</photoperiod_crit1>
      <photoperiod_crit2 units="hours">14.6</photoperiod_crit2>
      <photoperiod_slope>15.2</photoperiod_slope>
      <tt_endjuv_to_init units="oC">159</tt_endjuv_to_init>
      <tt_flag_to_flower>100</tt_flag_to_flower>
      <tt_flower_to_start_grain>30</tt_flower_to_start_grain>
      <tt_maturity_to_ripe>1</tt_maturity_to_ripe>
      <tt_flower_to_maturity units="oC" description="using base temp of 5.7">695</tt_flower_to_maturity>
      <!-- ________________________________________________________________________________________________________
         LEAF AREA - TPLA approach
         ________________________________________________________________________________________________________
         -->
      <main_stem_coef description="Power coeff for TPLAmax=TLN^coef">2.88</main_stem_coef>
      <tpla_prod_coef units="1/oC" description="curvature coefficient for leaf area">0.015</tpla_prod_coef>
      <!-- ________________________________________________________________________________________________________
         GRAIN GROWTH - source/sink approach
         ________________________________________________________________________________________________________
         -->
      <dm_per_seed>0.00083</dm_per_seed>
      <maxGFRate>0.09</maxGFRate>
      <!-- ________________________________________________________________________________________________________
         CANOPY HEIGHT - function of stem biomass per plant (need to adjust this for density effects)
         ________________________________________________________________________________________________________
         -->
      <x_stem_wt units="g/stem" description="look up table for canopy height">0  80</x_stem_wt>
      <y_height units="mm" description="plant canopy height">0  2000</y_height>
    </texas_671>
    <MR-Scorpio cultivar="yes">
       <derived_from>Buster</derived_from> 
    </MR-Scorpio>
    <MR-Apollo cultivar="yes">
       <derived_from>Buster</derived_from> 
    </MR-Apollo>
    <MR-43 cultivar="yes">
       <derived_from>Medium</derived_from> 
    </MR-43>
    <Heritage102 cultivar="yes">
       <derived_from>Medium</derived_from> 
    </Heritage102>    
  </Model>
  
</Type>